Mg-glutamate (mM),K-glutamate (mM),Amino Acid (mM),tRNA (mg/ml),coA (mM),NAD (mM),cAMP (mM),Folinic Acid (mM),Spermidine (mM),3-PGA (mM),NTP (mM),Yield
4,80,0.15,0.06,0.078,0.033,0.225,0.034,0.5,9,1.5,12.738
2,40,0.15,0.1,0.026,0.033,0.075,0.0068,0.1,15,0.75,5.527
4,80,0.15,0.2,0.026,0.33,0.075,0.0204,0.3,9,1.5,19.079
1.2,40,0.15,0.1,0.026,0.099,0.075,0.034,0.5,3,0.75,9.743
4,80,1.5,0.06,0.13,0.033,0.075,0.068,0.1,9,1.5,27.388
2,40,0.15,0.06,0.078,0.165,0.075,0.034,0.1,15,0.75,6.65
1.2,40,0.15,0.06,0.026,0.033,0.075,0.0204,0.3,15,0.45,9.576
1.2,40,0.15,0.02,0.026,0.165,0.075,0.0068,0.3,15,0.75,11.409
2,40,0.15,0.02,0.078,0.099,0.075,0.0204,0.1,15,0.75,5.624
4,80,1.5,0.2,0.13,0.33,0.75,0.068,1,30,1.5,0.257
0.4,8,0.15,0.1,0.026,0.165,0.375,0.0204,0.1,9,0.45,2.418
4,80,0.45,0.02,0.13,0.165,0.075,0.0204,0.1,9,1.5,20.144
2,40,0.45,0.02,0.026,0.165,0.225,0.0204,0.3,15,0.75,11.356
4,80,0.45,0.02,0.026,0.033,0.075,0.034,1,9,1.5,1.614
1.2,40,0.45,0.06,0.026,0.033,0.075,0.034,0.1,3,0.75,10.791
4,80,1.5,0.02,0.026,0.165,0.375,0.068,0.1,9,1.5,24.18
2,40,0.45,0.06,0.026,0.099,0.075,0.0204,0.3,15,0.45,4.503
0.4,40,0.45,0.1,0.078,0.099,0.375,0.0068,0.3,3,0.15,1.776
1.2,40,0.45,0.1,0.026,0.033,0.075,0.034,0.5,9,0.75,12.481
2,8,0.45,0.1,0.026,0.033,0.075,0.034,0.5,9,0.75,6.41
4,80,1.5,0.02,0.026,0.165,0.225,0.0204,0.1,9,1.5,27.312
4,80,0.45,0.1,0.026,0.033,0.075,0.034,0.1,9,1.5,20.123
4,80,0.75,0.2,0.078,0.033,0.225,0.034,0.1,9,1.5,26.159
2,40,0.15,0.02,0.026,0.033,0.075,0.0204,0.1,15,0.15,6.124
2,40,0.45,0.02,0.026,0.033,0.075,0.034,0.1,9,0.75,12.797
4,80,1.5,0.2,0.026,0.033,0.075,0.068,0.1,9,1.5,26.669
4,80,1.5,0.1,0.26,0.165,0.225,0.034,0.1,9,1.5,20.056
4,80,1.5,0.06,0.13,0.033,0.075,0.034,0.1,9,1.5,29.184
4,80,0.15,0.1,0.13,0.033,0.075,0.0204,1,9,1.5,2.244
2,40,0.15,0.06,0.13,0.033,0.225,0.034,0.3,9,0.75,12.077
2,40,0.45,0.06,0.026,0.165,0.075,0.0204,0.3,15,0.75,11.858
4,80,0.15,0.1,0.026,0.099,0.075,0.068,0.3,9,1.5,17.917
4,80,1.5,0.02,0.26,0.165,0.225,0.0068,0.1,9,1.5,24.087
4,80,0.15,0.02,0.078,0.165,0.075,0.0204,0.5,9,1.5,13.498
2,8,0.75,0.02,0.078,0.033,0.075,0.034,0.5,3,0.15,5.125
2,40,0.45,0.1,0.026,0.033,0.075,0.0204,0.3,9,0.75,13.274
0.4,8,1.5,0.02,0.026,0.033,0.075,0.0068,0.1,3,0.15,4.677
4,80,1.5,0.2,0.13,0.165,0.375,0.0068,0.1,9,1.5,18.907
2,40,0.75,0.1,0.026,0.099,0.075,0.034,0.1,15,0.75,10.797
1.2,40,0.15,0.1,0.026,0.165,0.075,0.0068,0.1,15,0.75,0.619
2,40,0.45,0.02,0.13,0.165,0.075,0.034,0.1,15,0.75,7.29
4,80,1.5,0.2,0.026,0.099,0.075,0.068,0.3,9,1.5,16.321
2,40,0.45,0.1,0.13,0.033,0.075,0.034,0.3,15,0.45,3.561
0.4,24,0.45,0.1,0.078,0.165,0.225,0.0204,0.3,9,0.45,3.448
2,40,0.45,0.02,0.13,0.165,0.225,0.034,0.1,15,0.75,7.853
2,8,0.75,0.06,0.078,0.033,0.075,0.034,0.5,3,0.75,3.387
1.2,40,0.15,0.06,0.078,0.099,0.075,0.034,0.1,15,0.75,2.53
4,80,1.5,0.02,0.078,0.165,0.375,0.0068,0.1,9,1.5,20.461
2,40,0.15,0.02,0.026,0.033,0.225,0.0068,0.3,15,0.75,12.681
4,80,0.75,0.06,0.078,0.165,0.375,0.034,0.1,9,1.5,21.755
4,80,1.5,0.02,0.078,0.099,0.075,0.0068,0.1,9,1.5,23.221
4,80,0.15,0.2,0.26,0.33,0.75,0.068,1,30,1.5,0.147
2,40,0.45,0.02,0.078,0.165,0.075,0.034,0.3,9,0.75,12.374
4,80,0.15,0.06,0.026,0.165,0.075,0.0204,0.3,9,1.5,15.186
2,40,0.15,0.1,0.026,0.033,0.075,0.0068,0.5,15,0.75,10.899
4,80,0.75,0.1,0.026,0.165,0.075,0.068,0.3,9,1.5,21.95
2,40,0.45,0.02,0.13,0.099,0.075,0.0204,0.3,15,0.75,11.519
4,80,1.5,0.02,0.13,0.033,0.225,0.0068,0.1,9,1.5,22.265
2,8,0.15,0.1,0.026,0.033,0.075,0.034,0.3,3,0.75,5.243
4,80,0.45,0.2,0.078,0.033,0.075,0.068,0.1,9,1.5,21.476
4,80,0.45,0.02,0.078,0.099,0.075,0.0204,1,9,1.5,2.877
2,24,0.45,0.02,0.078,0.033,0.375,0.0068,0.5,3,0.45,0.222
2,40,0.45,0.06,0.026,0.033,0.075,0.034,0.5,3,0.75,9.949
4,80,0.75,0.02,0.26,0.099,0.075,0.0204,0.1,9,1.5,25.958
4,80,0.15,0.1,0.13,0.033,0.225,0.0068,0.1,9,1.5,14.517
2,40,0.45,0.02,0.13,0.033,0.075,0.034,0.3,15,0.75,10.103
4,80,0.15,0.06,0.026,0.33,0.075,0.0204,0.1,9,1.5,16.131
1.2,40,0.15,0.02,0.078,0.165,0.075,0.0068,0.5,15,0.45,9.856
1.2,40,0.15,0.02,0.026,0.033,0.075,0.034,0.3,3,0.75,10.398
4,80,1.5,0.2,0.078,0.099,0.075,0.0068,0.3,9,1.5,24.222
4,80,1.5,0.06,0.13,0.033,0.075,0.0068,0.1,9,1.5,22.995
2,40,0.75,0.06,0.026,0.165,0.075,0.0068,0.1,15,0.75,8.651
1.2,40,0.15,0.06,0.078,0.099,0.075,0.0068,0.5,15,0.45,8.31
4,80,0.45,0.02,0.078,0.033,0.225,0.034,0.1,9,1.5,18.142
4,80,0.75,0.02,0.078,0.165,0.225,0.0204,0.1,9,1.5,26.642
2,40,0.45,0.1,0.026,0.099,0.225,0.034,0.3,15,0.75,13.062
4,80,1.5,0.06,0.026,0.165,0.075,0.034,0.1,9,1.5,22.8
4,80,1.5,0.2,0.26,0.33,0.75,0.068,1,3,1.5,3.796
4,80,0.15,0.1,0.026,0.165,0.075,0.034,0.1,9,1.5,16.557
4,80,0.15,0.1,0.13,0.33,0.075,0.034,0.1,9,1.5,15.759
2,40,0.15,0.02,0.026,0.099,0.225,0.034,0.1,15,0.75,7.694
4,80,1.5,0.06,0.078,0.099,0.225,0.034,0.1,9,1.5,24.1
4,80,0.75,0.2,0.078,0.033,0.075,0.0068,0.1,9,1.5,26.437
4,80,0.75,0.06,0.026,0.033,0.225,0.034,0.1,9,1.5,22.451
2,40,0.15,0.1,0.078,0.165,0.075,0.0204,0.5,15,0.75,9.16
1.2,8,0.75,0.06,0.026,0.033,0.075,0.0068,0.5,3,0.75,3.184
1.2,8,0.45,0.1,0.078,0.099,0.225,0.0204,0.5,3,0.15,5.511
2,8,0.15,0.06,0.026,0.033,0.075,0.034,0.1,9,0.75,5.377
2,40,0.45,0.02,0.078,0.099,0.225,0.0204,0.1,15,0.75,6.779
4,80,1.5,0.02,0.26,0.033,0.075,0.0204,0.1,9,1.5,17.645
1.2,40,0.15,0.06,0.13,0.165,0.225,0.034,0.5,15,0.75,8.348
4,80,1.5,0.2,0.13,0.099,0.225,0.034,0.1,9,1.5,20.989
4,80,0.75,0.2,0.078,0.099,0.075,0.0068,0.1,9,1.5,28.325
4,80,0.15,0.1,0.078,0.033,0.075,0.034,0.1,9,1.5,19.692
2,8,0.15,0.06,0.13,0.165,0.075,0.034,0.3,9,0.15,2.625
2,40,0.75,0.1,0.078,0.033,0.075,0.0204,0.1,15,0.75,9.071
4,80,0.45,0.1,0.026,0.033,0.075,0.0068,1,9,1.5,1.707
4,80,0.75,0.1,0.078,0.33,0.225,0.0204,0.1,9,1.5,22.728
4,80,1.5,0.1,0.078,0.165,0.375,0.034,0.1,9,1.5,23.906
4,80,1.5,0.06,0.26,0.033,0.075,0.034,0.1,9,1.5,25.096
2,24,0.75,0.02,0.026,0.033,0.375,0.0068,0.3,15,0.75,8.326
0.4,40,0.15,0.1,0.026,0.165,0.075,0.0204,0.1,9,0.75,8.392
0.4,40,0.15,0.06,0.026,0.165,0.075,0.0068,0.1,15,0.75,0.892
4,80,1.5,0.02,0.26,0.33,0.75,0.068,1,30,1.5,2.066
4,80,1.5,0.1,0.13,0.165,0.375,0.0204,0.1,9,1.5,19.639
4,80,0.45,0.06,0.026,0.033,0.225,0.0204,0.1,9,1.5,19.432
2,40,0.45,0.06,0.078,0.099,0.075,0.034,0.1,15,0.75,5.991
4,80,0.45,0.02,0.13,0.33,0.075,0.0204,0.1,9,1.5,17.574
1.2,40,0.45,0.02,0.026,0.165,0.075,0.0068,0.5,15,0.75,11.605
4,80,0.15,0.06,0.026,0.165,0.225,0.034,0.1,9,1.5,16.493
2,40,0.45,0.02,0.026,0.033,0.075,0.034,0.1,3,0.75,12.239
4,80,0.45,0.2,0.078,0.033,0.075,0.0204,0.3,9,1.5,21.818
2,80,1.5,0.1,0.13,0.165,0.075,0.0068,0.1,9,1.5,18.023
0.4,8,0.15,0.02,0.026,0.033,0.75,0.0068,0.1,3,0.15,5.655
2,40,0.45,0.1,0.026,0.033,0.075,0.034,0.3,15,0.75,11.457
0.4,24,0.45,0.02,0.026,0.033,0.225,0.034,0.3,9,0.45,4.907
4,80,0.45,0.2,0.078,0.099,0.075,0.0204,0.1,9,1.5,21.255
1.2,40,0.15,0.02,0.026,0.033,0.075,0.034,0.5,9,0.75,10.668
4,80,0.75,0.2,0.026,0.165,0.225,0.0068,0.1,9,1.5,21.716
4,80,1.5,0.2,0.026,0.165,0.375,0.0068,0.1,9,1.5,23.13
2,40,0.45,0.06,0.078,0.165,0.075,0.0204,0.1,15,0.75,8.664
4,80,0.45,0.1,0.026,0.165,0.225,0.0068,0.1,9,1.5,20.889
4,80,1.5,0.1,0.078,0.165,0.225,0.0204,0.1,9,1.5,25.072
2,40,0.45,0.02,0.078,0.033,0.075,0.0204,0.3,9,0.75,1.872
2,40,0.15,0.02,0.078,0.033,0.075,0.034,0.5,3,0.75,9.263
4,80,1.5,0.2,0.078,0.033,0.225,0.068,0.1,9,1.5,21.392
4,80,0.45,0.06,0.026,0.033,0.225,0.0068,0.1,9,1.5,19.936
1.2,40,0.15,0.02,0.078,0.033,0.075,0.0204,0.1,15,0.45,7.816
4,80,0.45,0.02,0.026,0.099,0.075,0.0068,0.1,9,1.5,22.24
4,80,0.75,0.02,0.026,0.033,0.075,0.0068,0.5,9,1.5,14.59
4,80,0.15,0.02,0.078,0.033,0.075,0.034,0.1,9,1.5,14.433
4,80,0.75,0.2,0.026,0.033,0.375,0.0068,0.1,9,1.5,27.174
4,80,0.45,0.02,0.026,0.099,0.075,0.0068,0.3,9,1.5,20.171
4,80,1.5,0.1,0.026,0.099,0.075,0.0068,0.1,9,1.5,29.779
1.2,40,0.45,0.02,0.078,0.099,0.075,0.0204,0.5,15,0.75,10.168
4,80,0.45,0.2,0.026,0.33,0.075,0.068,0.1,9,1.5,20.175
4,80,0.45,0.1,0.078,0.099,0.075,0.0068,0.1,9,1.5,20.371
4,40,1.5,0.2,0.26,0.33,0.75,0.068,1,30,1.5,0.321
4,80,0.45,0.06,0.13,0.165,0.075,0.068,0.1,9,1.5,22.884
2,40,0.15,0.1,0.026,0.033,0.075,0.0068,0.1,15,0.45,9.197
4,80,0.15,0.1,0.026,0.033,0.225,0.068,0.5,9,1.5,14.01
4,80,0.15,0.02,0.078,0.033,0.225,0.068,0.1,9,1.5,13.195
1.2,8,0.75,0.02,0.13,0.099,0.375,0.0068,0.5,9,0.75,2.025
4,80,1.5,0.1,0.026,0.33,0.075,0.0204,0.1,9,1.5,23.05
4,80,1.5,0.1,0.13,0.33,0.225,0.034,0.1,9,1.5,24.856
2,40,0.15,0.1,0.026,0.033,0.225,0.0204,0.3,9,0.75,12.983
1.2,8,0.15,0.06,0.13,0.099,0.225,0.034,0.3,3,0.15,6.119
1.2,40,0.75,0.02,0.026,0.099,0.375,0.034,0.3,15,0.75,10
4,80,0.15,0.1,0.078,0.033,0.075,0.068,0.1,9,1.5,20.944
4,80,1.5,0.02,0.026,0.099,0.225,0.034,0.1,9,1.5,27.906
4,80,0.15,0.2,0.13,0.033,0.075,0.068,0.3,9,1.5,17.093
2,40,0.45,0.06,0.026,0.033,0.075,0.034,0.3,9,0.75,15.358
1.2,40,0.15,0.02,0.13,0.033,0.075,0.0068,0.5,15,0.75,9.729
2,40,0.45,0.06,0.13,0.033,0.075,0.0204,0.3,15,0.75,12.142
4,80,0.45,0.1,0.026,0.165,0.075,0.068,0.1,9,1.5,20.399
4,80,1.5,0.2,0.13,0.033,0.075,0.034,0.3,9,1.5,17.432
4,80,0.15,0.02,0.026,0.165,0.225,0.068,0.5,9,1.5,14.025
4,80,0.15,0.1,0.026,0.33,0.075,0.034,0.5,9,1.5,9.807
4,80,1.5,0.1,0.078,0.099,0.075,0.0204,0.3,9,1.5,21.985
2,40,0.15,0.1,0.13,0.033,0.075,0.0204,0.3,15,0.75,10.031
4,80,1.5,0.2,0.26,0.33,0.75,0.068,1,30,0.75,0.108
4,80,1.5,0.02,0.026,0.33,0.375,0.034,0.1,9,1.5,24.593
1.2,8,0.45,0.06,0.026,0.033,0.075,0.034,0.3,3,0.75,4.74
2,40,0.15,0.02,0.026,0.033,0.225,0.034,0.1,15,0.75,4.66
2,40,0.15,0.1,0.026,0.033,0.075,0.0204,0.1,15,0.75,5.673
4,80,1.5,0.2,0.078,0.33,0.375,0.0204,0.1,9,1.5,21.736
1.2,40,0.15,0.02,0.026,0.033,0.075,0.034,0.5,3,0.75,10.035
0.4,8,0.15,0.1,0.078,0.033,0.075,0.034,0.3,3,0.75,4.678
4,80,1.5,0.06,0.13,0.33,0.075,0.0204,0.1,9,1.5,24.976
1.2,24,0.15,0.1,0.026,0.033,0.075,0.034,0.3,9,0.75,8.497
4,80,0.45,0.1,0.026,0.165,0.075,0.034,1,9,1.5,1.928
4,80,1.5,0.02,0.078,0.099,0.225,0.0068,0.1,9,1.5,22.929
4,80,0.45,0.02,0.078,0.33,0.075,0.0068,0.1,9,1.5,21.028
2,40,0.15,0.02,0.13,0.165,0.225,0.0204,0.3,9,0.75,11.424
1.2,24,0.15,0.1,0.078,0.033,0.075,0.034,0.5,3,0.75,6.41
2,8,0.15,0.02,0.078,0.033,0.375,0.034,0.5,9,0.45,3.744
1.2,40,0.15,0.02,0.026,0.099,0.075,0.034,0.5,3,0.75,10.153
0.4,8,0.15,0.02,0.13,0.099,0.225,0.034,0.1,3,0.75,4.984
4,80,1.5,0.02,0.078,0.099,0.375,0.0204,0.1,9,1.5,21.28
4,80,0.45,0.1,0.078,0.033,0.075,0.0204,0.5,9,1.5,17.019
2,40,0.15,0.02,0.078,0.165,0.075,0.034,0.1,15,0.45,8.769
4,80,1.5,0.2,0.078,0.033,0.075,0.068,0.3,9,1.5,18.397
4,80,1.5,0.1,0.026,0.165,0.375,0.068,0.1,9,1.5,23.809
4,80,1.5,0.06,0.026,0.165,0.225,0.0068,0.1,9,1.5,23.263
1.2,24,0.75,0.06,0.13,0.165,0.375,0.034,0.1,3,0.45,2.5
1.2,40,0.45,0.02,0.078,0.099,0.075,0.0068,0.3,15,0.75,11.325
1.2,40,0.15,0.06,0.026,0.099,0.075,0.0204,0.3,15,0.75,11.349
1.2,24,0.45,0.1,0.026,0.033,0.075,0.034,0.5,9,0.75,9.121
1.2,24,0.45,0.06,0.078,0.033,0.375,0.0204,0.3,15,0.15,3.568
2,40,0.45,0.02,0.026,0.165,0.075,0.034,0.1,15,0.75,7.884
4,80,1.5,0.1,0.026,0.165,0.225,0.0068,0.1,9,1.5,22.782
4,80,0.45,0.02,0.026,0.033,0.075,0.0204,1,9,1.5,1.521
4,80,1.5,0.1,0.026,0.033,0.225,0.034,0.1,9,1.5,28.568
4,80,0.15,0.06,0.13,0.033,0.075,0.0068,1,9,1.5,2.034
4,80,1.5,0.02,0.026,0.165,0.075,0.034,0.1,9,1.5,23.164
0.4,8,0.15,0.02,0.026,0.033,0.075,0.0068,0.1,3,1.5,3.701
4,80,0.75,0.02,0.26,0.165,0.075,0.034,0.1,9,1.5,27.291
4,80,0.75,0.2,0.13,0.099,0.075,0.0204,0.1,9,1.5,27.889
1.2,40,0.15,0.02,0.078,0.033,0.075,0.034,0.1,15,0.75,6.02
1.2,40,0.75,0.02,0.026,0.033,0.075,0.034,0.5,9,0.75,9.45
2,40,0.75,0.02,0.026,0.033,0.075,0.0204,0.5,9,0.75,9.331
4,80,0.15,0.06,0.026,0.099,0.225,0.0068,0.1,9,1.5,18.942
2,40,0.15,0.06,0.13,0.033,0.225,0.0068,0.3,9,0.75,11.667
4,80,0.15,0.06,0.026,0.099,0.225,0.068,1,9,1.5,1.07
4,80,0.45,0.1,0.026,0.099,0.075,0.0068,0.5,9,1.5,13.339
4,80,0.15,0.02,0.078,0.165,0.075,0.034,0.3,9,1.5,19.521
4,80,0.15,0.1,0.078,0.099,0.075,0.0204,1,9,1.5,1.818
2,40,0.15,0.06,0.026,0.033,0.225,0.0204,0.3,9,0.75,15.77
4,80,1.5,0.2,0.078,0.33,0.225,0.0204,0.1,9,1.5,21.529
2,40,0.15,0.1,0.078,0.165,0.075,0.034,0.1,9,0.75,9.824
4,80,0.45,0.02,0.026,0.165,0.075,0.068,0.1,9,1.5,16.594
4,80,1.5,0.2,0.026,0.033,0.075,0.0068,0.3,9,1.5,20.894
2,40,0.45,0.02,0.13,0.099,0.075,0.034,0.3,9,0.75,9.745
1.2,24,0.45,0.1,0.026,0.033,0.075,0.034,0.5,3,0.75,7.324
1.2,40,0.15,0.02,0.026,0.099,0.075,0.0068,0.1,9,0.75,8.911
2,40,0.45,0.1,0.026,0.099,0.075,0.034,0.1,15,0.75,6.722
1.2,40,0.15,0.02,0.026,0.165,0.075,0.0204,0.1,15,0.15,6.021
4,80,0.45,0.06,0.026,0.165,0.075,0.0068,0.3,9,1.5,17.291
4,80,0.45,0.06,0.13,0.033,0.075,0.0068,0.1,9,1.5,19.619
4,80,0.15,0.02,0.026,0.099,0.075,0.0204,0.1,9,1.5,17.952
4,80,0.15,0.1,0.13,0.33,0.075,0.0204,0.1,9,1.5,15.086
1.2,40,0.45,0.02,0.078,0.165,0.075,0.0204,0.5,15,0.75,10.454
4,80,0.45,0.02,0.026,0.033,0.225,0.0204,0.1,9,1.5,17.84
4,80,1.5,0.1,0.26,0.033,0.075,0.0204,0.1,9,1.5,24.718
2,40,0.45,0.1,0.026,0.099,0.075,0.0204,0.1,15,0.75,8.204
0.4,8,0.75,0.1,0.026,0.033,0.075,0.0204,0.3,15,0.45,3.857
2,40,0.45,0.06,0.026,0.033,0.075,0.0204,0.3,9,0.75,15.569
4,80,0.75,0.1,0.13,0.165,0.075,0.0204,0.1,9,1.5,26.028
2,40,0.45,0.1,0.078,0.033,0.075,0.0204,0.1,15,0.75,9.374
4,80,0.45,0.06,0.026,0.165,0.075,0.034,0.5,9,1.5,13.485
4,80,0.15,0.02,0.13,0.33,0.075,0.0204,0.1,9,1.5,15.41
1.2,40,0.15,0.1,0.13,0.165,0.075,0.0068,0.3,15,0.45,7.943
1.2,8,0.75,0.1,0.078,0.165,0.075,0.034,0.1,3,0.15,3.501
4,80,1.5,0.2,0.026,0.099,0.075,0.034,0.1,9,1.5,29.309
2,40,0.75,0.02,0.078,0.165,0.075,0.0204,0.5,15,0.75,6.178
2,40,0.45,0.1,0.026,0.165,0.075,0.0204,0.1,15,0.75,7.111
2,40,0.15,0.06,0.13,0.165,0.075,0.0204,0.3,9,0.75,11.686
2,80,1.5,0.1,0.026,0.033,0.075,0.0068,0.1,9,1.5,21.826
2,80,0.15,0.02,0.026,0.033,0.075,0.0068,0.1,9,1.5,10.398
2,40,0.15,0.02,0.026,0.033,0.075,0.0204,0.1,9,0.75,11.268
4,80,0.75,0.1,0.026,0.33,0.225,0.034,0.1,9,1.5,23.984
1.2,40,0.15,0.06,0.026,0.165,0.075,0.034,0.1,15,0.45,6.407
4,80,0.15,0.1,0.078,0.165,0.075,0.0068,0.1,9,1.5,19.736
2,40,0.45,0.02,0.026,0.099,0.075,0.034,0.3,15,0.75,12.07
4,80,0.75,0.06,0.026,0.099,0.075,0.0204,0.1,9,1.5,23.039
0.4,80,1.5,0.2,0.26,0.33,0.75,0.068,1,30,1.5,0.00001
0.4,40,0.15,0.02,0.078,0.033,0.225,0.034,0.5,3,0.75,6.077
4,80,0.45,0.06,0.026,0.099,0.225,0.0068,0.3,9,1.5,20.439
4,80,1.5,0.02,0.13,0.099,0.075,0.0068,0.1,9,1.5,22.71
1.2,24,0.45,0.06,0.026,0.033,0.075,0.034,0.3,9,0.45,2.677
4,80,1.5,0.2,0.26,0.099,0.075,0.0204,0.1,9,1.5,21.296
4,80,0.45,0.02,0.078,0.033,0.225,0.0204,0.1,9,1.5,19.685
2,40,0.15,0.1,0.13,0.033,0.075,0.0068,0.1,15,0.75,8.009
2,40,0.45,0.06,0.026,0.099,0.075,0.0068,0.1,15,0.75,10.066
4,80,1.5,0.1,0.26,0.099,0.225,0.034,0.1,9,1.5,19.876
2,40,0.45,0.06,0.078,0.099,0.075,0.0204,0.1,15,0.75,7.83
1.2,8,0.15,0.02,0.026,0.033,0.075,0.0204,0.3,3,0.75,5.005
4,80,0.15,0.06,0.078,0.165,0.075,0.0068,1,9,1.5,1.522
2,24,0.45,0.02,0.026,0.033,0.225,0.0068,0.1,3,0.45,4.18
4,80,0.75,0.1,0.078,0.33,0.075,0.0204,0.1,9,1.5,27.385
2,40,0.15,0.02,0.026,0.099,0.075,0.0068,0.1,15,0.45,9.809
4,80,1.5,0.2,0.026,0.33,0.75,0.068,1,30,1.5,1.503
0.4,40,0.45,0.02,0.026,0.033,0.075,0.0204,0.5,3,0.75,7.546
2,40,0.15,0.06,0.13,0.033,0.075,0.0068,0.3,9,0.75,11.168
2,40,0.45,0.06,0.13,0.033,0.075,0.0204,0.3,9,0.75,11.413
2,40,0.15,0.02,0.026,0.165,0.225,0.034,0.3,9,0.75,12.743
0.4,40,0.15,0.1,0.026,0.165,0.075,0.0204,0.1,15,0.45,5.861
2,80,1.5,0.06,0.078,0.165,0.075,0.0068,0.1,9,1.5,20.268
2,8,0.45,0.06,0.026,0.099,0.075,0.0204,0.5,9,0.15,0.587
2,40,0.15,0.06,0.026,0.033,0.075,0.0204,0.5,9,0.75,11.278
4,80,0.45,0.02,0.078,0.033,0.075,0.034,0.5,9,1.5,16.533
2,40,0.45,0.1,0.13,0.033,0.075,0.0204,0.1,15,0.75,6.157
1.2,8,0.15,0.1,0.026,0.033,0.075,0.034,0.1,3,0.75,4.774
2,40,0.45,0.1,0.078,0.099,0.075,0.0068,0.1,9,0.75,12.671
4,80,0.75,0.06,0.026,0.165,0.225,0.0068,0.1,9,1.5,22.518
1.2,40,0.15,0.06,0.026,0.165,0.075,0.0204,0.1,15,0.45,8.124
4,80,1.5,0.2,0.26,0.33,0.75,0.068,1,30,0.15,0.00001
0.4,8,0.15,0.02,0.026,0.033,0.075,0.068,0.1,3,0.15,5.925
2,40,0.75,0.06,0.026,0.033,0.075,0.034,0.1,15,0.75,2.48
4,80,0.45,0.06,0.13,0.33,0.075,0.034,0.1,9,1.5,22.637
2,40,0.15,0.1,0.026,0.033,0.225,0.034,0.1,15,0.75,7.115
2,40,0.15,0.06,0.078,0.033,0.075,0.0068,0.3,15,0.75,11.695
2,40,0.15,0.1,0.026,0.033,0.075,0.0204,0.1,9,0.75,10.541
4,80,0.75,0.06,0.026,0.165,0.375,0.0204,0.1,9,1.5,23.597
4,80,0.75,0.02,0.078,0.099,0.225,0.0068,0.1,9,1.5,24.951
4,80,0.45,0.2,0.078,0.099,0.075,0.0204,0.5,9,1.5,18.186
0.4,8,0.15,0.02,0.026,0.033,0.075,0.0068,1,3,0.15,5.111
4,80,1.5,0.2,0.026,0.33,0.075,0.0068,0.1,9,1.5,28.709
2,8,0.15,0.1,0.026,0.165,0.225,0.034,0.5,9,0.45,3.714
4,80,1.5,0.06,0.078,0.165,0.075,0.068,0.1,9,1.5,25.664
0.4,40,0.45,0.1,0.13,0.033,0.075,0.0204,0.3,15,0.45,6.46
4,80,1.5,0.02,0.026,0.033,0.225,0.034,0.1,9,1.5,27.133
0.4,40,0.75,0.02,0.026,0.099,0.375,0.0068,0.3,9,0.45,5.313
2,40,0.15,0.02,0.078,0.165,0.225,0.034,0.3,9,0.75,12.962
2,80,1.5,0.2,0.26,0.33,0.75,0.068,1,30,1.5,0.405
2,40,0.45,0.02,0.026,0.033,0.075,0.034,0.3,15,0.75,12.133
4,80,0.45,0.1,0.078,0.033,0.075,0.034,0.5,9,1.5,17.41
4,80,0.15,0.06,0.026,0.33,0.075,0.0068,0.1,9,1.5,16.618
2,40,0.15,0.1,0.026,0.099,0.075,0.0068,0.1,9,0.75,10.691
4,80,1.5,0.2,0.26,0.165,0.075,0.068,0.1,9,1.5,21.608
4,80,1.5,0.1,0.26,0.033,0.075,0.0068,0.1,9,1.5,25.231
2,40,0.15,0.1,0.13,0.033,0.075,0.0068,0.3,9,0.15,1.186
2,80,1.5,0.06,0.026,0.33,0.075,0.068,0.1,9,1.5,20.389
4,80,0.75,0.2,0.13,0.099,0.225,0.0204,0.1,9,1.5,23.025
4,80,0.75,0.2,0.078,0.165,0.075,0.0204,0.1,9,1.5,24.873
0.4,24,0.45,0.02,0.026,0.033,0.225,0.034,0.5,15,0.45,4.039
4,80,0.15,0.1,0.026,0.033,0.075,0.0068,1,9,1.5,1.927
4,8,0.15,0.02,0.026,0.033,0.075,0.0068,0.1,3,0.15,7.058
4,80,1.5,0.2,0.026,0.099,0.375,0.0204,0.1,9,1.5,22.815
2,24,0.75,0.1,0.13,0.165,0.225,0.0068,0.1,9,0.15,0.163
4,80,0.45,0.02,0.13,0.099,0.075,0.068,0.3,9,1.5,21.244
1.2,40,0.15,0.06,0.026,0.033,0.075,0.034,0.5,3,0.45,5.999
4,80,1.5,0.02,0.026,0.165,0.075,0.0068,0.1,9,1.5,24.398
0.4,24,0.75,0.02,0.026,0.033,0.075,0.0204,0.5,3,0.75,3.295
4,80,0.75,0.02,0.026,0.165,0.075,0.0068,0.3,9,1.5,22.497
4,80,0.75,0.02,0.026,0.033,0.075,0.0068,0.1,9,1.5,22.174
4,80,1.5,0.2,0.026,0.165,0.075,0.068,0.1,9,1.5,24.633
4,80,0.15,0.06,0.13,0.33,0.075,0.0068,0.3,9,1.5,17.221
4,80,0.45,0.06,0.078,0.165,0.225,0.068,0.1,9,1.5,20.706
2,40,0.15,0.02,0.13,0.165,0.075,0.0204,0.3,9,0.75,12.1
2,40,0.45,0.02,0.13,0.165,0.225,0.0204,0.3,9,0.75,11.436
4,80,1.5,0.2,0.078,0.099,0.375,0.034,0.1,9,1.5,22.616
0.4,24,0.45,0.1,0.078,0.033,0.075,0.034,0.5,3,0.75,6.555
4,80,0.15,0.02,0.078,0.099,0.075,0.0068,0.1,9,1.5,18.168
4,80,0.15,0.2,0.13,0.099,0.075,0.0204,0.5,9,1.5,14.261
4,80,1.5,0.2,0.026,0.033,0.375,0.034,0.1,9,1.5,24.545
1.2,40,0.15,0.02,0.13,0.033,0.225,0.0204,0.3,9,0.75,7.356
2,40,0.45,0.02,0.078,0.033,0.075,0.034,0.3,15,0.75,10.262
4,80,0.15,0.02,0.026,0.099,0.225,0.068,0.1,9,1.5,17.639
2,8,0.15,0.06,0.078,0.033,0.075,0.034,0.5,15,0.45,4.85
4,80,0.45,0.02,0.13,0.165,0.075,0.034,0.1,9,1.5,20.805
2,40,0.75,0.02,0.026,0.033,0.075,0.034,0.5,3,0.45,4.177
4,80,1.5,0.1,0.026,0.099,0.375,0.0068,0.1,9,1.5,21.96
1.2,40,0.15,0.06,0.026,0.099,0.075,0.0204,0.1,15,0.45,8.441
4,80,0.45,0.1,0.026,0.33,0.075,0.0068,0.1,9,1.5,19.458
2,40,0.15,0.06,0.026,0.099,0.075,0.0204,0.3,9,0.75,13.034
2,40,0.45,0.02,0.026,0.033,0.075,0.0204,0.3,15,0.75,14.587
4,80,0.75,0.2,0.078,0.099,0.075,0.068,0.1,9,1.5,26.324
4,80,0.15,0.1,0.026,0.33,0.075,0.034,0.1,9,1.5,21.088
4,80,1.5,0.2,0.026,0.33,0.375,0.0204,0.1,9,1.5,21.215
2,40,0.45,0.1,0.026,0.099,0.075,0.034,0.1,3,0.75,12.54
4,80,1.5,0.02,0.026,0.033,0.225,0.0204,0.1,9,1.5,23.002
1.2,40,0.45,0.02,0.026,0.099,0.075,0.034,0.3,3,0.75,8.289
2,40,0.45,0.06,0.078,0.033,0.075,0.034,0.5,3,0.75,9.695
2,40,0.45,0.06,0.078,0.033,0.075,0.034,0.3,15,0.75,10.68
0.4,8,0.75,0.1,0.13,0.099,0.375,0.0068,0.3,9,0.75,2.322
4,80,1.5,0.1,0.026,0.033,0.075,0.068,0.1,9,1.5,25.993
4,80,0.45,0.2,0.078,0.033,0.225,0.034,0.1,9,1.5,17.311
0.4,40,0.15,0.1,0.026,0.099,0.075,0.034,0.1,15,0.75,1.772
4,80,0.15,0.02,0.078,0.099,0.075,0.0068,1,9,1.5,2.009
4,80,1.5,0.2,0.078,0.099,0.375,0.0204,0.1,9,1.5,22.755
4,80,0.45,0.2,0.13,0.099,0.075,0.034,0.1,9,1.5,20.632
0.4,40,0.45,0.02,0.026,0.033,0.075,0.0204,0.1,3,0.75,10.443
1.2,24,0.45,0.06,0.026,0.033,0.225,0.0204,0.5,9,0.45,2.961
4,80,0.15,0.06,0.078,0.099,0.075,0.0204,0.5,9,1.5,13.322
4,80,0.15,0.02,0.026,0.033,0.075,0.068,1,9,1.5,1.298
4,80,0.15,0.2,0.078,0.33,0.075,0.0204,0.3,9,1.5,15.429
0.4,8,0.15,0.02,0.026,0.033,0.075,0.0068,0.1,30,0.15,2.039
2,40,0.45,0.02,0.13,0.165,0.075,0.0204,0.3,9,0.75,12.378
4,80,0.45,0.06,0.13,0.033,0.075,0.068,0.3,9,1.5,20.471
2,40,0.75,0.1,0.13,0.033,0.075,0.0068,0.1,15,0.75,7.869
2,40,0.45,0.06,0.026,0.099,0.075,0.0204,0.1,9,0.75,11.749
4,80,1.5,0.02,0.13,0.099,0.225,0.0068,0.1,9,1.5,22.741
2,40,0.15,0.02,0.13,0.033,0.075,0.0204,0.3,15,0.75,10.06
4,80,0.45,0.06,0.078,0.033,0.075,0.0068,1,9,1.5,2.547
2,24,0.45,0.06,0.078,0.033,0.225,0.0204,0.5,9,0.15,1.8
4,80,0.45,0.02,0.13,0.165,0.375,0.034,0.1,9,1.5,20.088
2,24,0.15,0.02,0.026,0.099,0.225,0.0068,0.3,15,0.75,5.185
4,80,0.75,0.02,0.078,0.099,0.075,0.0204,0.1,9,1.5,23.741
1.2,40,0.45,0.06,0.026,0.033,0.075,0.0204,0.1,3,0.75,11.232
2,24,0.15,0.02,0.026,0.033,0.225,0.034,0.5,3,0.75,7.063
4,80,0.45,0.06,0.026,0.165,0.075,0.0068,1,9,1.5,1.723
2,24,0.45,0.06,0.026,0.033,0.075,0.0068,0.5,9,0.45,0.499
1.2,40,0.15,0.02,0.026,0.033,0.225,0.0068,0.5,15,0.75,9.046
4,80,0.15,0.1,0.13,0.099,0.075,0.0204,0.1,9,1.5,17.196
4,80,1.5,0.06,0.078,0.099,0.375,0.0204,0.1,9,1.5,19.793
2,40,0.15,0.06,0.026,0.033,0.225,0.0204,0.1,15,0.75,4.483
2,40,0.45,0.06,0.078,0.099,0.075,0.0068,0.1,15,0.75,9.26
2,80,1.5,0.1,0.026,0.033,0.075,0.0204,0.1,9,1.5,22.248
2,40,0.15,0.1,0.026,0.033,0.075,0.0204,0.1,9,0.75,10.855
4,80,0.75,0.1,0.13,0.165,0.225,0.034,0.1,9,1.5,26.438
1.2,40,0.15,0.1,0.026,0.033,0.225,0.034,0.5,15,0.75,10.457
4,80,0.75,0.2,0.026,0.033,0.075,0.0068,0.1,9,1.5,22.693
4,80,0.75,0.2,0.078,0.033,0.075,0.0204,0.1,9,1.5,23.376
4,80,0.15,0.1,0.026,0.099,0.225,0.0204,0.1,9,1.5,16.961
4,80,0.15,0.02,0.13,0.33,0.075,0.034,0.1,9,1.5,16.647
4,80,0.15,0.2,0.026,0.099,0.075,0.0068,0.3,9,1.5,19.623
1.2,8,0.75,0.1,0.026,0.033,0.075,0.034,0.5,3,0.75,2.624
4,80,0.15,0.02,0.026,0.033,0.225,0.068,0.5,9,1.5,12.888
2,40,0.15,0.02,0.13,0.099,0.075,0.0204,0.1,15,0.75,8.376
4,80,0.45,0.06,0.13,0.033,0.075,0.034,0.1,9,1.5,17.82
4,80,0.75,0.1,0.026,0.099,0.075,0.034,0.3,9,1.5,20.771
4,80,0.75,0.2,0.13,0.165,0.225,0.034,0.1,9,1.5,21.423
4,80,1.5,0.02,0.078,0.33,0.375,0.0068,0.1,9,1.5,19.725
2,40,0.15,0.02,0.078,0.165,0.225,0.0068,0.3,9,0.75,12.088
2,40,0.75,0.1,0.13,0.099,0.075,0.034,0.1,15,0.75,10.8
4,80,0.75,0.1,0.078,0.099,0.075,0.0068,0.1,9,1.5,23.13
4,80,1.5,0.02,0.078,0.33,0.075,0.0068,0.1,9,1.5,25.425
4,80,0.75,0.02,0.026,0.033,0.075,0.034,0.1,9,1.5,24.748
1.2,24,0.45,0.02,0.026,0.099,0.075,0.034,0.5,3,0.75,7.072
1.2,40,0.45,0.06,0.026,0.099,0.075,0.0204,0.1,15,0.75,9.229
4,80,0.75,0.2,0.078,0.165,0.075,0.0068,0.3,9,1.5,19.88
4,80,0.75,0.1,0.026,0.099,0.075,0.0068,0.1,9,1.5,26.946
4,80,1.5,0.1,0.26,0.33,0.75,0.068,1,30,1.5,0.347
2,40,0.45,0.06,0.13,0.165,0.075,0.0204,0.3,9,0.75,10.889
4,80,1.5,0.1,0.078,0.33,0.225,0.0068,0.1,9,1.5,21.496
1.2,40,0.15,0.06,0.13,0.099,0.075,0.034,0.3,15,0.75,8.347
2,40,0.45,0.02,0.078,0.099,0.075,0.034,0.3,15,0.75,10.888
4,80,1.5,0.1,0.13,0.099,0.225,0.034,0.1,9,1.5,19.752
4,80,0.15,0.06,0.026,0.099,0.075,0.034,0.3,9,1.5,20.607
4,80,1.5,0.06,0.13,0.165,0.075,0.068,0.1,9,1.5,24.349
4,80,0.75,0.02,0.026,0.165,0.075,0.034,0.1,9,1.5,23.389
4,80,0.45,0.06,0.026,0.033,0.225,0.068,0.1,9,1.5,16.787
4,80,0.15,0.06,0.026,0.33,0.225,0.0068,0.1,9,1.5,14.571
4,80,0.45,0.1,0.026,0.033,0.375,0.034,0.1,9,1.5,19.266
4,80,0.45,0.1,0.26,0.165,0.075,0.0204,0.1,9,1.5,19.19
2,40,0.75,0.06,0.026,0.033,0.225,0.0204,0.1,15,0.75,5.758
1.2,24,0.15,0.02,0.026,0.033,0.075,0.0204,0.5,3,0.75,7.13
1.2,40,0.15,0.06,0.026,0.033,0.225,0.034,0.5,3,0.75,9.854
4,80,0.15,0.1,0.13,0.099,0.075,0.0204,1,9,1.5,2.683
4,80,0.15,0.06,0.13,0.099,0.075,0.0204,0.3,9,1.5,21.463
2,40,0.15,0.06,0.13,0.165,0.075,0.0068,0.3,15,0.75,9.729
2,40,0.15,0.02,0.026,0.033,0.225,0.0068,0.1,15,0.75,6.706
4,80,1.5,0.02,0.026,0.099,0.225,0.068,0.1,9,1.5,22.126
1.2,40,0.45,0.1,0.078,0.033,0.075,0.034,0.5,3,0.75,9.232
4,80,0.45,0.1,0.078,0.099,0.075,0.068,0.1,9,1.5,20.448
4,80,0.45,0.06,0.026,0.033,0.225,0.034,0.3,9,1.5,19.658
4,80,0.15,0.06,0.026,0.033,0.075,0.0204,0.1,9,1.5,12.841
1.2,40,0.15,0.02,0.026,0.033,0.075,0.0068,0.1,15,0.75,4.785
2,40,0.45,0.06,0.13,0.165,0.075,0.034,0.3,9,0.75,12.582
4,80,0.15,0.1,0.13,0.099,0.075,0.0068,0.3,9,1.5,17.321
0.4,40,0.15,0.06,0.078,0.033,0.075,0.0204,0.1,15,0.75,2.666
2,40,0.15,0.02,0.13,0.099,0.075,0.0204,0.3,9,0.75,12.072
2,40,0.15,0.02,0.078,0.165,0.075,0.0204,0.3,15,0.75,9.963
4,80,0.15,0.1,0.078,0.099,0.075,0.0204,0.1,9,1.5,15.479
4,80,1.5,0.02,0.078,0.33,0.225,0.034,0.1,9,1.5,22.414
4,80,1.5,0.02,0.026,0.33,0.225,0.034,0.1,9,1.5,25.078
2,40,0.15,0.1,0.026,0.165,0.075,0.034,0.3,9,0.75,11.399
1.2,40,0.15,0.06,0.026,0.033,0.225,0.0068,0.1,15,0.75,3.345
1.2,40,0.15,0.06,0.026,0.099,0.075,0.034,0.3,15,0.45,12.207
1.2,40,0.15,0.1,0.026,0.033,0.075,0.0068,0.1,9,0.75,10.77
2,40,0.15,0.02,0.026,0.099,0.225,0.0204,0.1,15,0.75,7.279
2,40,0.15,0.02,0.078,0.099,0.075,0.034,0.1,9,0.75,10.487
4,80,0.75,0.02,0.026,0.033,0.375,0.0204,0.1,9,1.5,23.635
0.4,40,0.45,0.02,0.026,0.033,0.075,0.034,0.1,15,0.75,5.922
4,80,0.15,0.1,0.13,0.033,0.075,0.068,1,9,1.5,3.051
4,80,0.75,0.2,0.026,0.033,0.075,0.034,0.1,9,1.5,23.158
2,40,0.45,0.06,0.026,0.099,0.075,0.034,0.3,15,0.75,11.632
2,40,0.15,0.02,0.13,0.165,0.075,0.0068,0.3,15,0.45,9.879
4,80,0.15,0.06,0.026,0.099,0.225,0.0204,1,9,1.5,1.328
4,80,0.15,0.02,0.026,0.165,0.075,0.034,0.1,9,1.5,19.346
1.2,40,0.15,0.1,0.026,0.099,0.075,0.034,0.3,15,0.75,10.837
0.4,40,0.75,0.06,0.026,0.033,0.075,0.0204,0.5,3,0.75,5.179
2,40,0.45,0.02,0.026,0.033,0.075,0.034,0.1,15,0.75,9.895
4,80,1.5,0.02,0.13,0.099,0.375,0.0068,0.1,9,1.5,21.163
1.2,40,0.45,0.02,0.026,0.099,0.075,0.034,0.1,15,0.75,8.959
4,80,0.15,0.02,0.26,0.033,0.075,0.0068,0.1,9,1.5,13.691
2,40,0.15,0.1,0.026,0.099,0.225,0.034,0.3,9,0.75,13.69
2,40,0.15,0.1,0.026,0.165,0.075,0.0068,0.3,15,0.75,11.937
4,80,0.15,0.02,0.026,0.099,0.075,0.034,0.3,9,1.5,21.699
2,40,0.15,0.1,0.026,0.165,0.075,0.0204,0.1,9,0.45,8.285
4,80,0.15,0.1,0.026,0.33,0.075,0.034,1,9,1.5,1.344
1.2,40,0.15,0.02,0.026,0.165,0.075,0.0068,0.1,3,0.75,6.96
0.4,40,0.15,0.02,0.026,0.099,0.075,0.034,0.1,15,0.75,1.394
1.2,40,0.45,0.1,0.026,0.165,0.225,0.0204,0.3,3,0.45,5.049
4,80,0.45,0.06,0.078,0.033,0.075,0.068,0.1,9,1.5,16.641
4,80,1.5,0.06,0.078,0.099,0.075,0.068,0.1,9,1.5,21.456
2,80,1.5,0.06,0.026,0.033,0.075,0.034,0.1,9,1.5,21.601
1.2,40,0.45,0.02,0.026,0.033,0.075,0.0204,0.3,3,0.75,12.508
2,40,0.15,0.06,0.026,0.033,0.075,0.0068,0.3,9,0.75,14.054
4,80,1.5,0.1,0.13,0.33,0.075,0.0068,0.1,9,1.5,25.25
1.2,80,1.5,0.2,0.026,0.099,0.075,0.0068,0.1,9,1.5,18.886
4,80,1.5,0.06,0.026,0.165,0.375,0.034,0.1,9,1.5,25.89
1.2,40,0.45,0.06,0.026,0.033,0.075,0.034,0.5,3,0.75,10.159
4,80,0.15,0.06,0.078,0.165,0.075,0.068,0.1,9,1.5,15.581
2,80,1.5,0.06,0.026,0.033,0.075,0.068,0.1,9,1.5,19.943
4,80,0.15,0.06,0.026,0.099,0.075,0.0204,0.5,9,1.5,12.532
2,40,0.45,0.1,0.078,0.033,0.075,0.034,0.1,9,0.75,11.408
4,80,1.5,0.06,0.026,0.099,0.075,0.0204,0.1,9,1.5,23.313
4,80,0.15,0.1,0.078,0.033,0.075,0.068,0.5,9,1.5,11.405
4,80,0.45,0.2,0.026,0.033,0.075,0.0204,0.1,9,1.5,20.415
0.4,24,0.75,0.02,0.078,0.033,0.225,0.034,0.3,15,0.75,5.634
1.2,40,0.45,0.02,0.026,0.033,0.075,0.034,0.5,9,0.75,11.328
4,80,0.45,0.1,0.078,0.099,0.225,0.068,0.1,9,1.5,20.906
4,80,0.75,0.06,0.026,0.033,0.075,0.0068,0.5,9,1.5,16.824
4,80,0.15,0.2,0.078,0.033,0.075,0.0068,1,9,1.5,2.316
4,80,0.75,0.1,0.026,0.033,0.075,0.0068,0.1,9,1.5,21.738
4,80,0.45,0.1,0.13,0.099,0.075,0.0068,0.1,9,1.5,18.728
1.2,40,0.15,0.02,0.026,0.033,0.075,0.034,0.1,15,0.15,5.206
2,40,0.45,0.1,0.13,0.033,0.075,0.0068,0.1,9,0.75,9.959
4,80,1.5,0.02,0.26,0.33,0.075,0.0204,0.1,9,1.5,23.624
4,80,1.5,0.2,0.078,0.033,0.375,0.0068,0.1,9,1.5,24.178
4,80,0.15,0.02,0.026,0.165,0.075,0.0068,0.3,9,1.5,16.957
2,40,0.45,0.1,0.13,0.033,0.075,0.034,0.1,15,0.75,6.376
2,40,0.45,0.02,0.026,0.165,0.225,0.034,0.3,15,0.75,11.479
4,80,1.5,0.2,0.26,0.33,0.75,0.068,0.5,30,1.5,2.799
4,80,0.15,0.1,0.078,0.099,0.075,0.0204,0.5,9,1.5,13.513
4,80,1.5,0.2,0.26,0.33,0.75,0.034,1,30,1.5,0.384
1.2,40,0.15,0.02,0.078,0.033,0.075,0.0068,0.1,15,0.75,5.62
1.2,40,0.45,0.06,0.026,0.165,0.225,0.034,0.3,15,0.75,9.145
4,80,0.15,0.02,0.078,0.165,0.075,0.0204,1,9,1.5,1.515
2,8,0.15,0.1,0.078,0.033,0.075,0.034,0.5,3,0.75,4.585
4,80,0.75,0.1,0.026,0.33,0.075,0.0068,0.1,9,1.5,23.832
2,80,1.5,0.2,0.026,0.099,0.075,0.0204,0.1,9,1.5,20.498
2,40,0.45,0.1,0.078,0.099,0.075,0.0204,0.3,9,0.75,1.526
4,80,1.5,0.1,0.26,0.099,0.075,0.034,0.1,9,1.5,20.733
1.2,40,0.15,0.06,0.078,0.033,0.075,0.0204,0.1,15,0.75,6.463
2,40,0.45,0.02,0.13,0.099,0.075,0.0204,0.3,9,0.75,12.721
4,80,0.75,0.02,0.026,0.099,0.225,0.0204,0.1,9,1.5,23.568
2,40,0.45,0.02,0.026,0.099,0.075,0.0068,0.3,15,0.75,13.978
2,40,0.45,0.06,0.13,0.033,0.075,0.0068,0.1,9,0.75,15.692
1.2,24,0.15,0.02,0.078,0.033,0.075,0.034,0.3,3,0.75,6.383
1.2,40,0.15,0.02,0.078,0.033,0.225,0.034,0.1,9,0.15,0.845
4,8,1.5,0.2,0.26,0.33,0.75,0.068,1,30,1.5,1.963
1.2,40,0.45,0.06,0.078,0.033,0.075,0.034,0.5,3,0.75,8.766
2,40,0.15,0.1,0.078,0.033,0.225,0.0204,0.3,9,0.75,7.086
4,80,0.75,0.06,0.078,0.165,0.075,0.068,0.1,9,1.5,21.594
4,80,0.15,0.06,0.13,0.165,0.225,0.0204,0.1,9,1.5,15.398
4,80,0.75,0.2,0.078,0.033,0.375,0.0204,0.1,9,1.5,22.861
4,80,1.5,0.2,0.026,0.165,0.225,0.0068,0.1,9,1.5,20.769
2,24,0.15,0.02,0.026,0.033,0.225,0.0204,0.1,15,0.15,0.47
1.2,40,0.45,0.02,0.026,0.033,0.075,0.0204,0.1,15,0.75,10.004
4,80,1.5,0.02,0.13,0.099,0.225,0.0204,0.1,9,1.5,21.181
4,80,1.5,0.2,0.026,0.33,0.225,0.0068,0.1,9,1.5,26.835
4,80,1.5,0.1,0.026,0.033,0.075,0.0068,0.1,9,1.5,24.503
1.2,40,0.45,0.02,0.078,0.165,0.375,0.0204,0.3,9,0.75,0.00001
4,80,0.75,0.2,0.078,0.099,0.225,0.0068,0.1,9,1.5,22.318
2,40,0.45,0.06,0.026,0.099,0.225,0.0068,0.1,15,0.75,7.022
4,80,0.15,0.1,0.13,0.165,0.075,0.034,0.1,9,1.5,15.203
2,40,0.45,0.02,0.13,0.165,0.075,0.0068,0.3,9,0.75,12.676
4,80,0.45,0.2,0.13,0.165,0.075,0.0068,0.1,9,1.5,20.972
4,80,0.75,0.2,0.26,0.33,0.75,0.068,1,30,1.5,1.045
4,80,0.15,0.2,0.078,0.33,0.075,0.0204,1,9,1.5,2.546
4,80,0.45,0.06,0.026,0.033,0.075,0.068,0.5,9,1.5,14.505
1.2,40,0.15,0.06,0.026,0.033,0.075,0.034,0.3,3,0.75,10.237
0.4,40,0.45,0.1,0.026,0.033,0.075,0.0204,0.3,3,0.75,12.402
1.2,40,0.45,0.1,0.026,0.033,0.075,0.0204,0.3,3,0.75,11.546
4,80,1.5,0.06,0.026,0.33,0.225,0.068,0.1,9,1.5,22.969
1.2,40,0.45,0.02,0.078,0.033,0.075,0.0068,0.1,15,0.75,7.197
1.2,8,0.75,0.02,0.026,0.033,0.075,0.034,0.3,3,0.75,4.122
4,80,1.5,0.2,0.078,0.165,0.075,0.0068,0.1,9,1.5,22.252
4,80,0.75,0.1,0.078,0.033,0.375,0.0068,0.1,9,1.5,23.197
4,80,0.15,0.1,0.026,0.33,0.075,0.0204,0.1,9,1.5,15.128
4,80,1.5,0.2,0.026,0.033,0.075,0.034,0.1,9,1.5,26.844
4,80,0.45,0.1,0.026,0.033,0.075,0.0204,0.3,9,1.5,20.554
4,80,1.5,0.06,0.26,0.33,0.225,0.0204,0.1,9,1.5,19.952
2,40,0.75,0.06,0.026,0.033,0.075,0.034,0.5,3,0.45,3.242
1.2,40,0.15,0.02,0.13,0.165,0.075,0.0068,0.5,15,0.75,9.126
2,40,0.45,0.1,0.026,0.099,0.225,0.0068,0.3,15,0.75,10.917
4,80,0.15,0.2,0.13,0.165,0.075,0.0068,0.1,9,1.5,14.243
2,40,0.45,0.02,0.026,0.033,0.075,0.034,0.1,15,0.75,11.702
2,8,0.45,0.1,0.078,0.033,0.075,0.034,0.5,3,0.75,4.19
2,24,0.45,0.02,0.026,0.033,0.075,0.0204,0.3,3,0.75,8.915
2,40,0.15,0.02,0.078,0.165,0.075,0.034,0.3,15,0.75,11.168
2,80,1.5,0.1,0.026,0.33,0.075,0.034,0.1,9,1.5,20.525
4,80,1.5,0.02,0.078,0.165,0.075,0.068,0.1,9,1.5,27.073
4,80,1.5,0.06,0.026,0.33,0.225,0.0068,0.1,9,1.5,22.616
4,80,1.5,0.06,0.13,0.33,0.075,0.068,0.1,9,1.5,25.275
4,80,1.5,0.1,0.026,0.33,0.225,0.068,0.1,9,1.5,23.193
1.2,8,0.75,0.1,0.026,0.033,0.075,0.034,0.1,3,0.75,4.675
2,40,0.45,0.02,0.13,0.099,0.075,0.0204,0.1,9,0.75,12.337
4,80,0.45,0.02,0.026,0.165,0.225,0.068,0.1,9,1.5,21.308
2,40,0.15,0.02,0.13,0.033,0.225,0.034,0.3,9,0.75,11.788
4,80,1.5,0.02,0.078,0.099,0.375,0.0068,0.1,9,1.5,21.917
4,80,0.45,0.2,0.026,0.033,0.075,0.0068,1,9,1.5,1.471
2,40,0.15,0.02,0.026,0.033,0.075,0.0068,0.1,15,0.45,9.358
2,40,0.45,0.1,0.026,0.165,0.075,0.034,0.1,15,0.75,7.513
4,80,0.75,0.06,0.026,0.165,0.075,0.068,0.1,9,1.5,22.781
2,24,0.45,0.1,0.078,0.099,0.225,0.034,0.5,9,0.75,7.801
4,80,0.45,0.06,0.078,0.33,0.075,0.034,0.3,9,1.5,21.546
2,40,0.15,0.06,0.026,0.033,0.075,0.034,0.5,15,0.45,6.993
4,80,0.15,0.1,0.026,0.033,0.075,0.0204,1,9,1.5,1.598
2,40,0.15,0.06,0.078,0.099,0.225,0.0204,0.3,9,0.75,12.621
4,80,0.75,0.2,0.026,0.099,0.075,0.0068,0.1,9,1.5,28.502
4,80,1.5,0.2,0.26,0.33,0.075,0.068,1,30,1.5,2.22
1.2,40,0.75,0.1,0.026,0.033,0.075,0.0068,0.5,3,0.75,5.15
1.2,8,0.45,0.1,0.026,0.033,0.075,0.0204,0.5,3,0.75,4.2
4,80,0.15,0.2,0.13,0.165,0.075,0.068,0.1,9,1.5,14.936
4,80,0.15,0.06,0.078,0.099,0.075,0.068,0.1,9,1.5,21.183
2,40,0.75,0.02,0.026,0.165,0.075,0.0204,0.1,15,0.75,12.65
4,80,1.5,0.06,0.026,0.099,0.375,0.034,0.1,9,1.5,17.504
4,80,0.15,0.06,0.026,0.099,0.075,0.034,0.1,9,1.5,16.249
4,80,0.75,0.02,0.078,0.165,0.075,0.0068,0.1,9,1.5,24.212
2,40,0.45,0.02,0.026,0.099,0.075,0.0204,0.3,15,0.75,13.962
2,40,0.75,0.06,0.078,0.165,0.075,0.034,0.1,15,0.75,3.888
4,80,1.5,0.1,0.078,0.099,0.225,0.068,0.1,9,1.5,24.921
4,80,0.45,0.06,0.026,0.33,0.075,0.0068,0.1,9,1.5,21.504
2,40,0.15,0.02,0.078,0.099,0.075,0.034,0.3,9,0.75,13.791
4,80,0.15,0.2,0.026,0.033,0.075,0.0204,0.5,9,1.5,13.125
4,80,0.75,0.2,0.026,0.099,0.075,0.034,0.1,9,1.5,26.532
4,80,0.15,0.02,0.078,0.033,0.225,0.034,0.1,9,1.5,19.272
4,80,0.15,0.02,0.078,0.165,0.075,0.034,0.5,9,1.5,13.599
2,40,0.45,0.06,0.13,0.033,0.225,0.0068,0.5,3,0.45,1.956
2,40,0.15,0.02,0.13,0.099,0.225,0.034,0.3,9,0.75,12.291
2,40,0.15,0.1,0.026,0.165,0.075,0.0204,0.1,9,0.75,13.045
4,80,0.15,0.02,0.078,0.033,0.075,0.0068,0.1,9,1.5,14.627
4,80,0.75,0.06,0.078,0.033,0.075,0.0204,0.1,9,1.5,26.745
4,80,0.75,0.1,0.026,0.165,0.075,0.0068,0.3,9,1.5,21.99
2,40,0.45,0.02,0.13,0.033,0.075,0.0204,0.1,15,0.75,9.933
4,80,0.45,0.1,0.13,0.099,0.075,0.0204,0.1,9,1.5,20.781
2,40,0.15,0.02,0.078,0.033,0.225,0.034,0.3,9,0.75,14.051
2,40,0.45,0.1,0.026,0.099,0.075,0.0068,0.3,15,0.75,12.456
4,80,0.15,0.06,0.026,0.165,0.075,0.068,0.3,9,1.5,19.293
4,80,1.5,0.02,0.078,0.33,0.225,0.0204,0.1,9,1.5,26.547
2,40,0.45,0.06,0.078,0.165,0.075,0.034,0.3,9,0.75,13.755
4,80,0.75,0.1,0.078,0.33,0.075,0.0068,0.1,9,1.5,25.519
0.4,8,0.15,0.02,0.026,0.33,0.075,0.0068,0.1,3,0.15,3.981
4,80,1.5,0.1,0.13,0.33,0.075,0.068,0.1,9,1.5,24.909
2,40,0.15,0.02,0.026,0.165,0.075,0.0068,0.1,9,0.75,9.56
2,24,0.15,0.02,0.026,0.033,0.075,0.034,0.5,3,0.75,7.493
4,80,0.15,0.2,0.078,0.165,0.075,0.068,1,9,1.5,2.989
2,40,0.45,0.02,0.13,0.099,0.075,0.0068,0.1,15,0.75,8.546
4,80,0.15,0.1,0.026,0.099,0.225,0.068,0.3,9,1.5,17.348
4,80,0.15,0.06,0.026,0.033,0.225,0.068,0.5,9,1.5,13.66
4,80,1.5,0.1,0.026,0.165,0.075,0.0068,0.3,9,1.5,19.711
4,80,1.5,0.06,0.026,0.099,0.375,0.068,0.1,9,1.5,22.167
4,80,1.5,0.02,0.13,0.33,0.075,0.034,0.1,9,1.5,24.854
4,80,1.5,0.1,0.078,0.165,0.075,0.0204,0.1,9,1.5,24.956
2,40,0.15,0.06,0.026,0.033,0.225,0.0068,0.3,9,0.75,11.475
2,40,0.15,0.02,0.026,0.033,0.075,0.034,0.5,9,0.75,10.818
4,80,1.5,0.2,0.078,0.099,0.075,0.0204,0.3,9,1.5,22.76
4,80,1.5,0.06,0.078,0.099,0.375,0.034,0.1,9,1.5,24.599
2,40,0.15,0.06,0.13,0.033,0.225,0.0204,0.3,9,0.75,10.504
4,80,0.75,0.1,0.13,0.33,0.075,0.0068,0.1,9,1.5,23.588
2,40,0.45,0.1,0.13,0.099,0.225,0.034,0.1,15,0.75,7.127
0.4,40,0.15,0.1,0.078,0.165,0.075,0.0068,0.1,15,0.75,1.395
4,80,0.75,0.2,0.026,0.033,0.375,0.034,0.1,9,1.5,24.424
2,40,0.15,0.1,0.078,0.099,0.075,0.0068,0.1,15,0.75,8.727
0.4,24,0.15,0.02,0.026,0.099,0.075,0.034,0.5,15,0.45,4.58
0.4,8,0.45,0.02,0.026,0.099,0.075,0.0204,0.1,9,0.45,2.459
1.2,24,0.45,0.1,0.078,0.033,0.075,0.034,0.3,3,0.75,7.97
2,40,0.15,0.06,0.026,0.033,0.075,0.034,0.1,15,0.15,5.921
2,40,0.45,0.02,0.026,0.165,0.075,0.034,0.3,15,0.75,11.688
4,80,1.5,0.06,0.078,0.33,0.075,0.034,0.1,9,1.5,26.628
4,80,0.45,0.2,0.026,0.165,0.225,0.034,0.1,9,1.5,21.672
4,80,1.5,0.06,0.13,0.33,0.375,0.0204,0.1,9,1.5,19.24
2,40,0.75,0.06,0.078,0.033,0.075,0.0204,0.1,15,0.75,6.398
2,40,0.45,0.1,0.078,0.033,0.075,0.0068,0.1,15,0.75,10.536
2,40,0.15,0.02,0.078,0.033,0.075,0.0204,0.3,15,0.75,10.213
4,80,1.5,0.02,0.13,0.165,0.075,0.034,0.1,9,1.5,24.349
2,24,0.45,0.06,0.026,0.033,0.075,0.034,0.3,3,0.75,7.992
2,40,0.75,0.1,0.026,0.033,0.075,0.0204,0.5,3,0.75,5.486
2,40,0.45,0.02,0.13,0.033,0.075,0.0068,0.3,9,0.75,11.216
2,40,0.45,0.06,0.13,0.099,0.075,0.0204,0.1,15,0.75,6.946
4,80,0.75,0.02,0.078,0.165,0.075,0.034,0.1,9,1.5,27.052
4,80,1.5,0.02,0.078,0.165,0.075,0.034,0.1,9,1.5,24.464
4,80,0.75,0.2,0.026,0.165,0.075,0.068,0.1,9,1.5,29.389
2,40,0.45,0.02,0.13,0.099,0.075,0.0204,0.1,15,0.75,7.13
4,80,1.5,0.1,0.026,0.099,0.075,0.068,0.1,9,1.5,22.287
4,80,0.15,0.06,0.026,0.099,0.225,0.068,0.5,9,1.5,14.155
4,80,1.5,0.1,0.026,0.099,0.375,0.068,0.1,9,1.5,22.188
4,80,0.15,0.1,0.13,0.033,0.225,0.068,0.1,9,1.5,13.212
2,40,0.45,0.1,0.13,0.099,0.075,0.034,0.1,9,0.75,12.46
4,80,1.5,0.06,0.078,0.033,0.075,0.0204,0.1,9,1.5,30.081
4,80,0.15,0.02,0.026,0.165,0.075,0.068,0.3,9,1.5,17.386
4,80,0.75,0.06,0.13,0.165,0.075,0.0068,0.1,9,1.5,26.015
0.4,40,0.45,0.1,0.026,0.033,0.075,0.034,0.5,3,0.75,10.28
4,80,0.45,0.2,0.13,0.033,0.075,0.0204,0.3,9,1.5,20.054
2,24,0.75,0.02,0.026,0.033,0.075,0.0068,0.5,3,0.75,3.535
4,80,0.45,0.02,0.13,0.033,0.075,0.034,0.1,9,1.5,19.061
4,80,1.5,0.02,0.026,0.033,0.075,0.034,0.1,9,1.5,24.297
1.2,40,0.75,0.1,0.026,0.033,0.075,0.034,0.5,3,0.75,4.674
2,40,0.75,0.02,0.078,0.099,0.075,0.0204,0.1,15,0.75,9.192
1.2,40,0.15,0.06,0.078,0.033,0.075,0.034,0.5,3,0.75,8.882
4,80,1.5,0.2,0.078,0.33,0.075,0.0204,0.1,9,1.5,26.027
4,80,0.15,0.2,0.026,0.033,0.225,0.0204,0.3,9,1.5,16.212
2,24,0.45,0.1,0.078,0.033,0.075,0.034,0.5,3,0.75,6.725
2,40,0.15,0.02,0.13,0.165,0.075,0.0204,0.1,15,0.75,8.495
2,40,0.45,0.06,0.13,0.165,0.075,0.0068,0.1,15,0.75,9.68
4,80,0.75,0.1,0.078,0.099,0.225,0.034,0.1,9,1.5,26.495
4,80,0.75,0.02,0.26,0.33,0.075,0.0204,0.1,9,1.5,21.762
2,8,0.15,0.1,0.026,0.033,0.225,0.034,0.5,3,0.75,4.925
4,80,0.45,0.02,0.026,0.033,0.075,0.068,0.3,9,1.5,16.738
4,80,0.75,0.06,0.13,0.099,0.225,0.034,0.1,9,1.5,22.652
4,80,0.45,0.02,0.13,0.165,0.075,0.0068,0.3,9,1.5,19.177
4,80,0.15,0.1,0.078,0.165,0.075,0.0204,0.5,9,1.5,15.699
2,40,0.45,0.06,0.13,0.033,0.075,0.0204,0.1,15,0.75,6.093
4,80,1.5,0.2,0.026,0.165,0.225,0.068,0.1,9,1.5,22.292
2,40,0.15,0.06,0.13,0.099,0.225,0.0204,0.3,9,0.75,12.093
4,80,0.15,0.2,0.026,0.165,0.225,0.0204,0.3,9,1.5,16.801
2,40,0.15,0.02,0.026,0.099,0.075,0.0068,0.3,9,0.75,13.018
2,40,0.15,0.06,0.13,0.099,0.075,0.0068,0.3,9,0.75,12.099
4,80,0.15,0.02,0.078,0.165,0.075,0.0204,0.1,9,1.5,21.071
4,80,1.5,0.2,0.26,0.165,0.75,0.068,1,30,1.5,0.532
2,40,0.15,0.02,0.026,0.033,0.225,0.034,0.3,15,0.45,12.71
0.4,24,0.15,0.02,0.026,0.165,0.375,0.0068,0.1,9,0.15,0.263
4,80,1.5,0.2,0.078,0.165,0.225,0.0068,0.1,9,1.5,26.481
1.2,40,0.45,0.1,0.078,0.165,0.075,0.0068,0.3,15,0.75,11.325
2,40,0.75,0.1,0.026,0.033,0.075,0.034,0.5,9,0.75,9.929
2,40,0.45,0.02,0.026,0.033,0.075,0.0204,0.5,3,0.75,9.702
2,40,0.45,0.1,0.13,0.033,0.075,0.0204,0.1,9,0.75,11.363
2,40,0.15,0.06,0.026,0.033,0.075,0.034,0.3,15,0.75,12.263
2,40,0.15,0.02,0.078,0.099,0.075,0.0068,0.1,15,0.75,5.752
4,80,0.45,0.06,0.13,0.165,0.075,0.0204,0.3,9,1.5,21.257
4,80,1.5,0.06,0.13,0.33,0.225,0.0204,0.1,9,1.5,22.652
4,80,0.15,0.06,0.026,0.165,0.075,0.0068,0.1,9,1.5,21.345
2,40,0.45,0.06,0.026,0.099,0.075,0.0204,0.1,9,0.75,11.256
0.4,24,0.75,0.1,0.026,0.033,0.375,0.0204,0.5,15,0.45,4.406
2,40,0.45,0.1,0.078,0.165,0.075,0.0204,0.1,15,0.75,7.29
4,80,0.15,0.1,0.026,0.165,0.075,0.0204,0.3,9,1.5,18.572
2,40,0.45,0.02,0.026,0.099,0.075,0.034,0.1,3,0.75,12.361
2,40,0.45,0.02,0.026,0.033,0.075,0.0204,0.1,15,0.75,2.471
4,80,0.15,0.06,0.078,0.033,0.075,0.034,0.5,9,1.5,12.195
1.2,40,0.75,0.1,0.026,0.033,0.075,0.034,0.3,9,0.75,12.284
2,40,0.45,0.06,0.026,0.099,0.075,0.034,0.5,3,0.75,11.003
4,80,1.5,0.1,0.078,0.165,0.375,0.0204,0.1,9,1.5,19.205
4,80,1.5,0.2,0.26,0.33,0.75,0.068,1,30,0.45,0.00001
4,80,1.5,0.1,0.026,0.165,0.225,0.0204,0.1,9,1.5,23.081
4,80,1.5,0.1,0.13,0.165,0.075,0.034,0.3,9,1.5,21.308
2,40,0.45,0.06,0.026,0.033,0.075,0.034,0.3,9,0.75,13.654
4,80,1.5,0.06,0.078,0.099,0.075,0.0204,0.1,9,1.5,24.122
4,80,0.75,0.02,0.026,0.165,0.225,0.034,0.1,9,1.5,24.431
2,40,0.45,0.06,0.13,0.099,0.075,0.0068,0.1,15,0.75,6
4,80,0.15,0.2,0.078,0.33,0.075,0.034,0.1,9,1.5,19.1
4,80,0.75,0.02,0.13,0.033,0.375,0.0204,0.1,9,1.5,25.358
2,40,0.45,0.02,0.13,0.165,0.075,0.0068,0.1,9,0.75,10.188
4,80,0.75,0.02,0.078,0.099,0.075,0.068,0.3,9,1.5,21.636
2,40,0.45,0.06,0.026,0.165,0.075,0.034,0.1,15,0.75,7.619
0.4,40,0.15,0.06,0.026,0.033,0.075,0.0204,0.1,9,0.75,8.231
4,80,0.45,0.06,0.13,0.099,0.075,0.068,0.1,9,1.5,18.901
4,80,0.75,0.1,0.026,0.33,0.075,0.034,0.1,9,1.5,24.969
4,80,0.15,0.02,0.078,0.033,0.075,0.0068,1,9,1.5,1.728
1.2,40,0.15,0.06,0.026,0.033,0.075,0.034,0.3,9,0.75,11.033
4,80,0.75,0.2,0.026,0.099,0.075,0.068,0.3,9,1.5,23.068
4,80,1.5,0.06,0.026,0.099,0.225,0.034,0.1,9,1.5,21.525
1.2,40,0.15,0.1,0.078,0.033,0.075,0.0068,0.3,15,0.45,10.598
1.2,40,0.15,0.02,0.026,0.099,0.075,0.0068,0.3,15,0.75,12.75
4,80,0.15,0.2,0.078,0.165,0.075,0.0068,1,9,1.5,1.815
4,80,0.45,0.02,0.26,0.165,0.225,0.0204,0.1,9,1.5,18.93
4,80,0.15,0.02,0.13,0.165,0.075,0.0068,0.5,9,1.5,13.629
2,40,0.15,0.02,0.13,0.033,0.225,0.0204,0.3,9,0.75,9.931
4,80,1.5,0.1,0.078,0.033,0.225,0.0204,0.1,9,1.5,21.281
4,80,0.45,0.06,0.078,0.165,0.075,0.0204,0.3,9,1.5,20.227
2,40,0.15,0.1,0.026,0.033,0.075,0.034,0.1,15,0.45,6.966
0.4,40,0.45,0.02,0.078,0.033,0.075,0.034,0.5,3,0.75,8.831
2,40,0.45,0.02,0.078,0.099,0.075,0.0068,0.1,9,0.75,9.56
2,40,0.15,0.06,0.026,0.165,0.225,0.0068,0.3,15,0.75,8.802
4,80,0.75,0.1,0.026,0.165,0.375,0.0204,0.1,9,1.5,22.277
2,40,0.15,0.02,0.026,0.033,0.075,0.034,0.1,9,0.15,4.469
0.4,8,0.15,0.2,0.026,0.033,0.075,0.0068,0.1,3,0.15,5.866
4,80,0.75,0.02,0.078,0.033,0.075,0.034,0.1,9,1.5,24.1
4,80,0.45,0.02,0.078,0.099,0.075,0.0068,0.1,9,1.5,26.163
4,80,0.15,0.02,0.078,0.099,0.075,0.034,0.5,9,1.5,13.63
4,80,1.5,0.06,0.13,0.33,0.375,0.034,0.1,9,1.5,19.469
0.4,8,0.15,0.02,0.026,0.033,0.075,0.0068,0.1,3,0.15,6.036
4,80,0.15,0.2,0.026,0.033,0.075,0.0204,0.3,9,1.5,20.901
4,80,1.5,0.02,0.078,0.33,0.075,0.068,0.1,9,1.5,24.614
1.2,40,0.15,0.02,0.026,0.165,0.075,0.0068,0.1,9,0.45,6.059
4,80,0.45,0.02,0.026,0.033,0.225,0.0068,0.3,9,1.5,19.535
2,40,0.15,0.06,0.026,0.099,0.075,0.0204,0.3,15,0.75,12.087
4,80,1.5,0.02,0.13,0.165,0.075,0.068,0.1,9,1.5,24.77
4,80,0.15,0.06,0.078,0.033,0.225,0.034,0.3,9,1.5,16.744
4,80,0.15,0.06,0.026,0.099,0.225,0.0204,0.3,9,1.5,20.54
4,80,0.75,0.02,0.026,0.165,0.075,0.0068,0.1,9,1.5,22.258
4,80,1.5,0.1,0.026,0.165,0.075,0.034,0.1,9,1.5,25.243
4,80,0.45,0.2,0.026,0.099,0.075,0.034,0.5,9,1.5,17.774
4,80,1.5,0.1,0.026,0.099,0.225,0.0068,0.1,9,1.5,24.729
4,80,0.15,0.2,0.026,0.33,0.075,0.034,1,9,1.5,1.997
4,80,1.5,0.06,0.26,0.099,0.225,0.034,0.1,9,1.5,19.392
1.2,40,0.15,0.1,0.026,0.099,0.075,0.0068,0.1,9,0.75,9.885
4,80,0.15,0.2,0.026,0.099,0.225,0.034,0.3,9,1.5,16.957
2,40,0.45,0.06,0.026,0.165,0.225,0.0068,0.3,15,0.75,13.755
0.4,8,0.75,0.06,0.026,0.165,0.375,0.034,0.5,9,0.15,0.826
2,40,0.15,0.02,0.026,0.099,0.075,0.0068,0.5,15,0.75,10.843
4,80,0.15,0.02,0.078,0.099,0.225,0.0204,0.3,9,1.5,17.204
2,40,0.15,0.06,0.026,0.033,0.225,0.0204,0.3,9,0.75,12.372
4,80,0.45,0.2,0.026,0.165,0.075,0.0204,0.1,9,1.5,19.425
4,80,1.5,0.06,0.078,0.099,0.225,0.068,0.1,9,1.5,24.938
4,80,1.5,0.06,0.078,0.165,0.075,0.068,0.3,9,1.5,19.594
2,40,0.15,0.1,0.078,0.165,0.075,0.0068,0.1,15,0.45,8.219
0.4,24,0.45,0.02,0.13,0.099,0.075,0.0204,0.1,9,0.15,1.032
4,80,1.5,0.2,0.078,0.099,0.075,0.0204,0.1,9,1.5,27.213
4,80,1.5,0.06,0.078,0.33,0.075,0.068,0.1,9,1.5,24.572
1.2,40,0.15,0.1,0.13,0.033,0.075,0.0204,0.5,15,0.75,7.406
1.2,40,0.15,0.1,0.13,0.033,0.075,0.034,0.3,15,0.75,8.357
2,80,1.5,0.2,0.026,0.099,0.225,0.0204,0.1,9,1.5,20.598
4,80,0.15,0.2,0.078,0.033,0.075,0.034,0.3,9,1.5,21.097
4,80,0.75,0.06,0.13,0.33,0.075,0.0204,0.1,9,1.5,27.747
4,80,0.15,0.1,0.13,0.33,0.075,0.0068,0.3,9,1.5,16.845
0.4,8,0.45,0.02,0.13,0.033,0.225,0.0204,0.5,15,0.75,2.532
2,8,0.75,0.06,0.026,0.099,0.375,0.0068,0.1,15,0.15,1.106
2,24,0.45,0.02,0.026,0.033,0.075,0.034,0.5,9,0.75,9.625
2,40,0.15,0.06,0.078,0.099,0.225,0.034,0.3,15,0.75,9.319
1.2,40,0.15,0.02,0.078,0.099,0.075,0.034,0.1,15,0.75,2.3
4,80,0.15,0.2,0.078,0.099,0.075,0.0068,0.5,9,1.5,12.961
2,40,0.15,0.06,0.078,0.033,0.075,0.034,0.1,9,0.75,11.388
2,40,0.15,0.02,0.026,0.165,0.075,0.0068,0.3,9,0.75,13.7
4,80,1.5,0.1,0.13,0.033,0.375,0.0204,0.1,9,1.5,25.348
2,40,0.45,0.02,0.026,0.033,0.075,0.0068,0.3,3,0.75,12.493
4,80,1.5,0.2,0.078,0.099,0.225,0.068,0.1,9,1.5,25.409
2,40,0.45,0.02,0.026,0.033,0.075,0.0068,0.3,15,0.75,13.423
2,24,0.75,0.06,0.078,0.033,0.075,0.034,0.3,3,0.75,7.057
0.4,40,0.15,0.06,0.026,0.033,0.075,0.0068,0.5,3,0.75,9.84
4,80,1.5,0.06,0.026,0.033,0.075,0.034,0.1,9,1.5,29.539
1.2,40,0.15,0.02,0.026,0.033,0.075,0.034,0.3,9,0.75,11.887
4,80,1.5,0.1,0.026,0.33,0.225,0.0204,0.1,9,1.5,22.341
4,80,1.5,0.02,0.078,0.099,0.225,0.0204,0.1,9,1.5,21.324
2,40,0.45,0.06,0.13,0.165,0.075,0.034,0.1,15,0.75,7.214
2,40,0.45,0.1,0.078,0.099,0.225,0.0204,0.3,15,0.75,9.416
4,80,0.15,0.02,0.13,0.33,0.075,0.034,0.3,9,1.5,16.369
2,40,0.15,0.02,0.13,0.099,0.225,0.0068,0.3,9,0.75,11.615
2,24,0.15,0.02,0.078,0.033,0.075,0.034,0.3,3,0.75,7.141
2,40,0.15,0.02,0.026,0.165,0.075,0.0068,0.1,3,0.45,7.122
2,40,0.15,0.1,0.026,0.099,0.075,0.0204,0.1,15,0.75,8.653
0.4,8,0.45,0.06,0.078,0.033,0.375,0.0068,0.1,9,0.45,3.186
4,80,0.15,0.02,0.13,0.165,0.075,0.068,0.5,9,1.5,14.63
2,40,0.45,0.1,0.026,0.165,0.075,0.0204,0.3,9,0.75,2.262
2,40,0.15,0.02,0.078,0.033,0.225,0.0204,0.1,15,0.75,3.209
4,80,1.5,0.2,0.26,0.33,0.75,0.068,1,30,1.5,0.563
2,40,0.15,0.06,0.13,0.165,0.075,0.0068,0.3,9,0.75,11.319
2,40,0.45,0.02,0.078,0.033,0.075,0.0204,0.1,15,0.75,11.329
4,80,1.5,0.06,0.13,0.099,0.225,0.0204,0.1,9,1.5,24.811
2,40,0.45,0.1,0.078,0.099,0.225,0.0068,0.3,15,0.75,10.6
4,80,0.15,0.1,0.078,0.033,0.075,0.034,1,9,1.5,2.021
4,80,0.15,0.2,0.078,0.165,0.075,0.0204,1,9,1.5,2.42
4,80,1.5,0.1,0.026,0.33,0.075,0.0068,0.1,9,1.5,26.628
4,80,0.45,0.02,0.078,0.165,0.225,0.034,0.1,9,1.5,20.49
4,80,1.5,0.2,0.026,0.099,0.075,0.0204,0.3,9,1.5,15.946
4,80,1.5,0.1,0.13,0.099,0.075,0.0204,0.3,9,1.5,23.37
4,80,0.15,0.02,0.026,0.099,0.225,0.068,0.3,9,1.5,18.238
4,80,1.5,0.2,0.026,0.099,0.075,0.068,0.1,9,1.5,25.376
4,80,1.5,0.2,0.026,0.165,0.375,0.034,0.1,9,1.5,22.93
2,40,0.45,0.1,0.026,0.033,0.075,0.0204,0.1,9,0.75,16.469
4,80,0.15,0.2,0.026,0.33,0.075,0.0204,0.1,9,1.5,16.131
4,80,0.15,0.02,0.078,0.33,0.075,0.0204,0.3,9,1.5,18.493
4,80,0.15,0.06,0.078,0.033,0.225,0.0068,0.3,9,1.5,16.724
4,80,1.5,0.06,0.026,0.165,0.075,0.068,0.1,9,1.5,33.927
4,80,0.45,0.1,0.078,0.033,0.075,0.034,1,9,1.5,3.33
4,80,0.15,0.02,0.026,0.033,0.075,0.0068,0.5,9,1.5,12.024
1.2,8,0.15,0.06,0.026,0.033,0.075,0.034,0.3,3,0.75,4.967
2,40,0.15,0.02,0.026,0.165,0.075,0.034,0.1,15,0.15,7.213
2,40,0.15,0.1,0.026,0.033,0.225,0.0068,0.3,15,0.45,11.77
2,40,0.15,0.06,0.026,0.099,0.075,0.0068,0.1,9,0.45,8.262
4,80,0.15,0.06,0.078,0.033,0.225,0.068,0.3,9,1.5,17.162
1.2,40,0.15,0.02,0.078,0.165,0.225,0.034,0.5,15,0.75,9.151
4,80,1.5,0.2,0.26,0.33,0.75,0.068,0.1,30,1.5,0.354
4,80,0.75,0.02,0.026,0.165,0.075,0.0204,0.1,9,1.5,27.339
2,40,0.15,0.1,0.026,0.099,0.075,0.0068,0.1,9,0.75,11.724
2,40,0.15,0.02,0.13,0.165,0.075,0.034,0.3,9,0.75,11.845
4,80,1.5,0.02,0.026,0.099,0.225,0.0068,0.1,9,1.5,26.547
1.2,40,0.15,0.1,0.026,0.165,0.075,0.0204,0.3,15,0.45,10.82
4,80,1.5,0.02,0.026,0.099,0.075,0.0204,0.1,9,1.5,22.955
4,80,1.5,0.06,0.026,0.033,0.375,0.0068,0.1,9,1.5,21.761
4,80,0.15,0.06,0.13,0.033,0.075,0.034,0.1,9,1.5,14.678
2,40,0.45,0.02,0.078,0.165,0.075,0.034,0.1,9,0.75,11.473
4,80,1.5,0.2,0.078,0.033,0.075,0.0068,0.3,9,1.5,17.056
4,80,0.75,0.02,0.13,0.099,0.375,0.0204,0.1,9,1.5,22.501
4,80,0.15,0.1,0.026,0.165,0.225,0.068,0.5,9,1.5,14.53
4,80,0.15,0.06,0.13,0.33,0.075,0.0068,0.1,9,1.5,14.325
2,40,0.15,0.02,0.026,0.165,0.075,0.0204,0.3,15,0.45,11.407
2,40,0.45,0.02,0.026,0.165,0.225,0.034,0.5,15,0.75,10.06
2,8,0.45,0.02,0.026,0.033,0.075,0.034,0.5,3,0.75,4.503
4,80,1.5,0.06,0.26,0.099,0.075,0.034,0.1,9,1.5,19.988
1.2,24,0.75,0.1,0.078,0.099,0.075,0.0204,0.3,15,0.15,1.83
1.2,40,0.15,0.02,0.078,0.165,0.075,0.0068,0.3,3,0.75,7.139
2,40,0.15,0.1,0.026,0.165,0.075,0.0204,0.1,15,0.75,7.834
4,80,0.75,0.06,0.078,0.033,0.225,0.0068,0.1,9,1.5,22.69
1.2,40,0.15,0.1,0.026,0.165,0.075,0.034,0.1,9,0.75,9.2
2,40,0.45,0.1,0.078,0.099,0.075,0.0068,0.1,15,0.75,8.385
4,80,1.5,0.1,0.078,0.099,0.375,0.034,0.1,9,1.5,24.363
2,40,0.75,0.02,0.13,0.165,0.075,0.034,0.1,15,0.45,4.985
0.4,8,0.15,0.02,0.26,0.033,0.075,0.0068,0.1,3,0.15,5.674
2,24,0.15,0.06,0.026,0.033,0.075,0.034,0.3,3,0.75,7.582
2,8,0.75,0.1,0.026,0.033,0.225,0.0068,0.1,3,0.15,5.384
1.2,40,0.15,0.1,0.078,0.165,0.075,0.0204,0.5,3,0.75,5.782
2,40,0.15,0.06,0.078,0.099,0.075,0.0068,0.1,9,0.75,10.179
4,80,1.5,0.06,0.26,0.165,0.225,0.0204,0.1,9,1.5,19.275
2,40,0.45,0.1,0.026,0.165,0.075,0.034,0.3,15,0.75,11.188
4,80,0.15,0.06,0.26,0.033,0.075,0.068,0.1,9,1.5,13.073
0.4,24,0.45,0.02,0.026,0.033,0.225,0.0204,0.3,15,0.15,3.79
4,80,1.5,0.02,0.13,0.099,0.375,0.0204,0.1,9,1.5,22.113
4,80,0.75,0.02,0.078,0.033,0.225,0.0068,0.1,9,1.5,21.629
2,40,0.45,0.02,0.078,0.099,0.075,0.0068,0.3,15,0.75,13.114
0.4,40,0.15,0.02,0.078,0.165,0.375,0.0204,0.5,9,0.75,8.742
4,80,1.5,0.2,0.078,0.33,0.075,0.0068,0.1,9,1.5,25.193
2,40,0.45,0.1,0.078,0.033,0.075,0.034,0.1,15,0.75,5.912
2,40,0.15,0.06,0.13,0.033,0.225,0.034,0.5,15,0.75,7.828
4,80,0.45,0.06,0.026,0.099,0.075,0.034,0.1,9,1.5,22.3
2,40,0.15,0.02,0.026,0.099,0.075,0.034,0.3,15,0.45,12.661
2,40,0.15,0.1,0.078,0.099,0.075,0.0204,0.1,15,0.75,9.511
1.2,40,0.15,0.1,0.026,0.033,0.075,0.0204,0.1,3,0.75,9.102
1.2,40,0.15,0.1,0.026,0.099,0.075,0.0068,0.3,15,0.75,10.961
4,80,1.5,0.1,0.026,0.099,0.225,0.0204,0.1,9,1.5,23.103
2,40,0.45,0.06,0.026,0.099,0.075,0.0068,0.3,15,0.75,13.754
4,80,0.75,0.06,0.026,0.165,0.075,0.0204,0.1,9,1.5,26.758
0.4,80,0.15,0.02,0.026,0.033,0.075,0.0068,0.1,3,0.15,5.294
2,40,0.15,0.02,0.13,0.099,0.225,0.0204,0.3,9,0.75,11.832
2,40,0.15,0.02,0.13,0.033,0.225,0.0068,0.3,9,0.75,11.424
4,80,0.75,0.02,0.078,0.165,0.075,0.068,0.1,9,1.5,25.241
2,40,0.15,0.06,0.078,0.165,0.075,0.0068,0.1,15,0.45,6.847
2,8,0.15,0.1,0.026,0.099,0.075,0.034,0.5,3,0.75,4.374
4,80,1.5,0.1,0.026,0.33,0.375,0.0204,0.1,9,1.5,19.832
1.2,8,0.15,0.1,0.026,0.033,0.075,0.034,0.5,9,0.75,5.179
0.4,8,0.15,0.1,0.026,0.033,0.375,0.0204,0.3,15,0.45,5.341
2,40,0.45,0.06,0.13,0.033,0.075,0.0068,0.1,15,0.75,9.561
4,80,0.45,0.06,0.13,0.033,0.075,0.034,0.5,9,1.5,17.868
2,40,0.45,0.1,0.13,0.165,0.075,0.034,0.1,9,0.75,11.528
4,80,0.15,0.06,0.13,0.099,0.225,0.034,0.1,9,1.5,15.523
2,40,0.15,0.06,0.078,0.099,0.225,0.034,0.5,3,0.45,4.011
4,80,1.5,0.2,0.13,0.165,0.075,0.0204,0.1,9,1.5,22.552
2,40,0.75,0.02,0.026,0.033,0.075,0.034,0.1,9,0.75,13.119
4,80,0.15,0.06,0.026,0.033,0.075,0.0068,0.1,9,1.5,15.382
4,80,0.15,0.06,0.078,0.33,0.075,0.068,0.5,9,1.5,15.416
2,40,0.45,0.02,0.13,0.165,0.075,0.034,0.3,9,0.75,10.243
2,8,0.15,0.1,0.078,0.165,0.075,0.0068,0.1,3,0.75,5.738
2,40,0.45,0.1,0.13,0.033,0.225,0.0204,0.3,15,0.75,9.51
1.2,40,0.45,0.1,0.026,0.099,0.075,0.034,0.3,3,0.75,12.551
4,80,1.5,0.2,0.26,0.33,0.375,0.068,1,30,1.5,0.467
4,80,0.75,0.02,0.026,0.165,0.225,0.0204,0.1,9,1.5,25.753
2,40,0.45,0.1,0.078,0.033,0.075,0.0068,0.1,9,0.75,15.488
2,40,0.45,0.06,0.026,0.165,0.075,0.034,0.3,15,0.75,11.068
4,80,0.15,0.02,0.13,0.033,0.075,0.034,0.3,9,1.5,16.375
2,40,0.45,0.1,0.026,0.099,0.075,0.034,0.3,15,0.75,10.483
1.2,40,0.15,0.06,0.078,0.033,0.075,0.0068,0.3,15,0.45,8.605
2,40,0.45,0.02,0.026,0.099,0.075,0.034,0.1,15,0.75,10.316
4,80,0.75,0.1,0.078,0.165,0.075,0.068,0.1,9,1.5,21.443
2,40,0.15,0.1,0.026,0.033,0.225,0.0204,0.3,15,0.75,12.17
0.4,40,0.15,0.06,0.026,0.033,0.075,0.0068,0.1,15,0.45,5.446
4,80,1.5,0.1,0.078,0.33,0.075,0.0204,0.1,9,1.5,27.312
4,80,0.45,0.2,0.026,0.099,0.075,0.068,0.5,9,1.5,16.669
2,40,0.45,0.1,0.078,0.099,0.075,0.0204,0.1,15,0.75,6.857
2,40,0.15,0.06,0.13,0.033,0.075,0.034,0.5,3,0.75,8.782
1.2,40,0.15,0.1,0.026,0.099,0.075,0.034,0.3,15,0.75,9.91
2,40,0.75,0.1,0.078,0.033,0.225,0.034,0.5,3,0.75,4.824
4,80,0.45,0.06,0.13,0.33,0.075,0.0068,0.1,9,1.5,21.271
4,80,0.45,0.1,0.078,0.165,0.075,0.0204,0.1,9,1.5,21.104
4,80,0.75,0.1,0.078,0.33,0.075,0.034,0.1,9,1.5,23.482
4,80,0.15,0.1,0.13,0.165,0.075,0.0068,0.1,9,1.5,17.274
2,40,0.45,0.02,0.078,0.099,0.075,0.0068,0.1,15,0.75,11.029
2,40,0.15,0.02,0.026,0.099,0.075,0.034,0.1,15,0.75,3.882
4,80,0.75,0.1,0.13,0.099,0.075,0.0204,0.1,9,1.5,23.076
4,80,0.75,0.02,0.078,0.165,0.375,0.0204,0.1,9,1.5,23.285
4,80,1.5,0.06,0.13,0.33,0.075,0.034,0.1,9,1.5,24.763
4,80,0.75,0.06,0.13,0.165,0.075,0.068,0.1,9,1.5,22.842
0.4,40,0.45,0.1,0.078,0.033,0.075,0.034,0.1,3,0.75,10.088
1.2,40,0.15,0.02,0.13,0.099,0.225,0.0204,0.5,15,0.75,8.214
1.2,40,0.15,0.06,0.078,0.033,0.075,0.0204,0.5,15,0.75,10.706
4,80,0.15,0.1,0.078,0.165,0.075,0.0204,0.1,9,1.5,16.264
1.2,40,0.15,0.06,0.078,0.165,0.225,0.0204,0.5,15,0.75,9.039
4,80,0.45,0.06,0.078,0.033,0.075,0.034,1,9,1.5,2.933
2,40,0.15,0.02,0.026,0.033,0.075,0.034,0.5,15,0.75,10.897
4,80,1.5,0.1,0.026,0.099,0.075,0.034,0.1,9,1.5,32.983
4,80,0.45,0.06,0.078,0.033,0.075,0.068,0.1,9,1.5,19.553
2,40,0.15,0.02,0.026,0.033,0.225,0.0204,0.3,9,0.75,12.7
1.2,8,0.45,0.06,0.026,0.033,0.375,0.034,0.5,9,0.45,1.625
4,80,0.75,0.2,0.13,0.033,0.225,0.034,0.1,9,1.5,22.364
2,40,0.45,0.02,0.026,0.099,0.225,0.034,0.3,15,0.75,11.365
4,80,0.15,0.02,0.026,0.33,0.225,0.0204,0.3,9,1.5,16.816
4,80,0.45,0.2,0.026,0.033,0.075,0.068,1,9,1.5,2.745
4,80,0.75,0.1,0.078,0.165,0.075,0.0204,0.1,9,1.5,19.267
0.4,8,0.75,0.1,0.13,0.165,0.075,0.0204,0.5,15,0.15,0.86
4,80,0.15,0.2,0.026,0.099,0.075,0.034,0.3,9,1.5,19.438
4,80,0.45,0.06,0.078,0.33,0.075,0.068,0.3,9,1.5,21.04
1.2,24,0.15,0.02,0.026,0.033,0.075,0.034,0.1,9,0.75,6.668
4,80,0.15,0.2,0.13,0.099,0.075,0.034,0.1,9,1.5,15.064
2,40,0.15,0.02,0.026,0.099,0.075,0.034,0.1,9,0.75,10.773
4,80,0.75,0.1,0.13,0.165,0.225,0.0204,0.1,9,1.5,22.337
4,80,0.45,0.1,0.078,0.033,0.075,0.0068,0.3,9,1.5,19.348
4,80,1.5,0.1,0.13,0.033,0.225,0.068,0.1,9,1.5,20.805
0.4,24,0.75,0.1,0.026,0.033,0.075,0.034,0.1,3,0.75,7.187
2,40,0.45,0.02,0.078,0.165,0.075,0.0068,0.3,9,0.75,13.399
2,40,0.15,0.02,0.026,0.033,0.225,0.034,0.3,3,0.75,10.518
1.2,40,0.15,0.06,0.026,0.033,0.075,0.0068,0.3,15,0.75,12.57
4,80,0.15,0.1,0.13,0.165,0.075,0.068,1,9,1.5,2.494
2,40,0.45,0.06,0.026,0.165,0.075,0.0204,0.1,15,0.75,6.415
4,80,1.5,0.06,0.078,0.165,0.075,0.0204,0.1,9,1.5,29.744
4,80,0.75,0.1,0.026,0.099,0.075,0.0204,0.3,9,1.5,22.537
4,80,0.15,0.06,0.078,0.165,0.075,0.068,0.1,9,1.5,21.504
4,80,1.5,0.2,0.26,0.33,0.75,0.0068,1,30,1.5,2.159
1.2,8,0.15,0.1,0.026,0.033,0.225,0.0204,0.5,3,0.45,5.339
4,80,1.5,0.2,0.026,0.165,0.225,0.0204,0.1,9,1.5,26.728
4,80,1.5,0.2,0.26,0.033,0.75,0.068,1,30,1.5,3.075
2,40,0.15,0.02,0.026,0.033,0.075,0.0068,0.3,15,0.75,12.78
2,40,0.15,0.1,0.026,0.099,0.075,0.0068,0.5,15,0.45,10.119
4,80,1.5,0.06,0.026,0.165,0.225,0.034,0.3,9,1.5,19.396
1.2,40,0.45,0.1,0.026,0.033,0.075,0.034,0.1,15,0.75,9.638
4,80,0.15,0.06,0.078,0.099,0.225,0.068,0.3,9,1.5,16.318
2,40,0.15,0.1,0.078,0.033,0.075,0.034,0.1,9,0.75,10.293
1.2,40,0.45,0.1,0.078,0.165,0.075,0.0204,0.3,15,0.75,11.865
4,80,0.15,0.1,0.026,0.033,0.225,0.0204,0.5,9,1.5,14.396
2,40,0.45,0.02,0.13,0.165,0.225,0.0068,0.3,9,0.75,10.073
1.2,40,0.75,0.1,0.026,0.033,0.225,0.0204,0.5,15,0.45,8.109
2,40,0.45,0.06,0.13,0.033,0.075,0.034,0.1,15,0.75,5.884
1.2,8,0.45,0.02,0.026,0.033,0.375,0.0068,0.5,15,0.15,3.686
4,80,0.45,0.06,0.026,0.33,0.075,0.0068,0.5,9,1.5,17.376
4,80,1.5,0.02,0.026,0.33,0.075,0.0204,0.1,9,1.5,21.941
4,80,0.45,0.1,0.026,0.033,0.075,0.0204,0.1,9,1.5,21.444
4,80,0.15,0.06,0.026,0.33,0.075,0.034,1,9,1.5,0.801
2,40,0.15,0.06,0.026,0.099,0.075,0.0204,0.1,3,0.75,9.347
4,80,1.5,0.2,0.026,0.165,0.225,0.034,0.1,9,1.5,22.128
2,24,0.75,0.06,0.026,0.033,0.075,0.0204,0.1,15,0.75,3.126
4,80,1.5,0.2,0.26,0.33,0.75,0.068,1,15,1.5,0.581
2,40,0.45,0.1,0.026,0.033,0.225,0.034,0.3,15,0.75,12.172
2,8,0.75,0.02,0.026,0.033,0.075,0.0204,0.5,3,0.75,3.417
1.2,40,0.75,0.02,0.026,0.033,0.375,0.0204,0.5,3,0.75,6.337
4,80,0.45,0.02,0.078,0.165,0.075,0.0068,0.1,9,1.5,22.771
4,80,0.15,0.1,0.026,0.099,0.075,0.0204,0.1,9,1.5,16.817
2,24,0.15,0.1,0.026,0.033,0.075,0.034,0.3,3,0.75,7.496
0.4,8,0.45,0.02,0.026,0.033,0.075,0.034,0.3,3,0.75,4.817
2,40,0.45,0.06,0.078,0.165,0.075,0.0068,0.3,15,0.75,11.061
4,80,1.5,0.2,0.078,0.165,0.075,0.0204,0.1,9,1.5,28.614
2,40,0.15,0.06,0.078,0.033,0.075,0.0204,0.5,3,0.75,9.501
4,80,1.5,0.06,0.078,0.165,0.075,0.0068,0.1,9,1.5,29.03
4,80,1.5,0.1,0.026,0.033,0.075,0.034,0.3,9,1.5,19.205
1.2,40,0.15,0.02,0.026,0.033,0.075,0.034,0.1,9,0.75,10.372
4,80,0.45,0.06,0.026,0.165,0.075,0.034,0.1,9,1.5,21.258
4,80,0.15,0.02,0.078,0.165,0.075,0.0068,0.5,9,1.5,13.485
0.4,24,0.45,0.06,0.026,0.033,0.075,0.034,0.1,3,0.75,5.909
4,80,0.75,0.2,0.078,0.165,0.375,0.0204,0.1,9,1.5,22.072
2,40,0.45,0.02,0.078,0.033,0.075,0.0068,0.1,15,0.75,11.127
2,40,0.15,0.02,0.13,0.165,0.225,0.034,0.3,9,0.75,14.462
4,80,0.75,0.02,0.13,0.33,0.075,0.068,0.1,9,1.5,23.179
4,80,0.15,0.02,0.026,0.33,0.075,0.034,0.1,9,1.5,20.87
4,80,1.5,0.1,0.13,0.165,0.075,0.0068,0.3,9,1.5,21.862
1.2,40,0.15,0.02,0.026,0.099,0.075,0.0068,0.3,15,0.75,12.295
0.4,40,0.15,0.06,0.026,0.033,0.075,0.034,0.1,9,0.75,7.758
2,40,0.15,0.1,0.078,0.033,0.225,0.0204,0.1,9,0.45,2.605
,,,,,,,,,,,
,,,,,,,,,,,
,,,,,,,,,,,
